year,name,team,division,PA,HR,BBrate,BB_K,AVG,FB,playerid
2016,Abraham Almonte,Indians,Central,194,1,4.1 %,8/42,0.264,43,5486
2017,Abraham Almonte,Indians,Central,195,3,10.3 %,20/46,0.233,34,5486
2015,Adam Moore,Indians,Central,4,0,0.0 %,0/2,0.25,1,9362
2016,Adam Moore,Indians,Central,5,0,0.0 %,0/4,0,1,9362
2018,Adam Plutko,Indians,Central,2,0,0.0 %,0/0,0,0,15846
2018,Adam Rosales,Indians,Central,21,1,4.8 %,1/5,0.211,7,9682
2017,Andrew Miller,Indians,Central,1,0,0.0 %,0/1,0,0,6785
2018,Andrew Miller,Indians,Central,1,0,0.0 %,0/1,0,0,6785
2015,Austin Adams,Indians,Central,1,0,0.0 %,0/0,0,0,7411
2017,Austin Jackson,Indians,Central,318,7,10.4 %,33/64,0.318,68,9848
2017,Bradley Zimmer,Indians,Central,332,8,7.8 %,26/99,0.241,61,16221
2018,Bradley Zimmer,Indians,Central,114,2,6.1 %,7/44,0.226,16,16221
2018,Brandon Barnes,Indians,Central,21,1,9.5 %,2/5,0.263,6,629
2017,Brandon Guyer,Indians,Central,192,2,7.8 %,15/43,0.236,44,2636
2018,Brandon Guyer,Indians,Central,221,7,6.8 %,15/48,0.206,58,2636
2015,Brett Hayes,Indians,Central,36,3,8.3 %,3/7,0.156,10,4293
2015,Carlos Carrasco,Indians,Central,3,0,0.0 %,0/0,1,0,6632
2017,Carlos Carrasco,Indians,Central,5,0,20.0 %,1/1,0,0,6632
2018,Carlos Carrasco,Indians,Central,4,0,0.0 %,0/2,0.25,0,6632
2015,Carlos Santana,Indians,Central,666,19,16.2 %,108/122,0.231,160,2396
2016,Carlos Santana,Indians,Central,688,34,14.4 %,99/99,0.259,201,2396
2017,Carlos Santana,Indians,Central,667,23,13.2 %,88/94,0.259,187,2396
2016,Chris Gimenez,Indians,Central,155,4,6.5 %,10/41,0.216,29,7324
2015,Cody Anderson,Indians,Central,3,0,0.0 %,0/3,0,0,12799
2016,Collin Cowgill,Indians,Central,14,0,14.3 %,2/7,0.083,1,7250
2015,Corey Kluber,Indians,Central,6,0,0.0 %,0/3,0,1,2429
2016,Corey Kluber,Indians,Central,6,0,0.0 %,0/3,0.25,0,2429
2017,Corey Kluber,Indians,Central,2,0,0.0 %,0/0,0.5,1,2429
2018,Corey Kluber,Indians,Central,6,0,0.0 %,0/4,0,1,2429
2017,Daniel Robertson,Indians,Central,88,1,8.0 %,7/3,0.225,12,6266
2015,Danny Salazar,Indians,Central,4,0,0.0 %,0/4,0,0,5867
2016,Danny Salazar,Indians,Central,5,0,0.0 %,0/3,0,1,5867
2017,Edwin Encarnacion,Indians,Central,669,38,15.5 %,104/133,0.258,178,2151
2018,Edwin Encarnacion,Indians,Central,579,32,10.9 %,63/132,0.246,164,2151
2018,Eric Haase,Indians,Central,17,0,0.0 %,0/6,0.125,3,14111
2016,Erik Gonzalez,Indians,Central,17,0,5.9 %,1/8,0.313,1,13369
2017,Erik Gonzalez,Indians,Central,115,4,2.6 %,3/37,0.255,16,13369
2018,Erik Gonzalez,Indians,Central,143,1,3.5 %,5/34,0.265,23,13369
2015,Francisco Lindor,Indians,Central,438,12,6.2 %,27/69,0.313,92,12916
2016,Francisco Lindor,Indians,Central,684,15,8.3 %,57/88,0.301,151,12916
2017,Francisco Lindor,Indians,Central,723,33,8.3 %,60/93,0.273,236,12916
2018,Francisco Lindor,Indians,Central,745,38,9.4 %,70/107,0.277,220,12916
2017,Francisco Mejia,Indians,Central,14,0,7.1 %,1/3,0.154,2,16403
2015,Giovanny Urshela,Indians,Central,288,6,6.3 %,18/58,0.225,71,10681
2017,Giovanny Urshela,Indians,Central,165,1,4.8 %,8/22,0.224,42,10681
2017,Greg Allen,Indians,Central,39,1,5.1 %,2/8,0.229,9,16623
2018,Greg Allen,Indians,Central,291,2,4.8 %,14/58,0.257,58,16623
2015,Jason Kipnis,Indians,Central,641,9,8.9 %,57/107,0.303,130,9776
2016,Jason Kipnis,Indians,Central,688,23,8.7 %,60/146,0.275,175,9776
2017,Jason Kipnis,Indians,Central,373,12,7.5 %,28/71,0.232,119,9776
2018,Jason Kipnis,Indians,Central,601,18,10.0 %,60/112,0.23,186,9776
2015,Jerry Sands,Indians,Central,133,4,6.8 %,9/36,0.236,31,4016
2015,Jesus Aguilar,Indians,Central,20,0,0.0 %,0/7,0.316,3,11342
2016,Jesus Aguilar,Indians,Central,6,0,0.0 %,0/1,0,1,11342
2015,Jose Ramirez,Indians,Central,355,6,9.0 %,32/39,0.219,98,13510
2016,Jose Ramirez,Indians,Central,618,11,7.1 %,44/62,0.312,183,13510
2017,Jose Ramirez,Indians,Central,645,29,8.1 %,52/69,0.318,206,13510
2018,Jose Ramirez,Indians,Central,698,39,15.2 %,106/80,0.272,231,13510
2016,Josh Tomlin,Indians,Central,6,0,0.0 %,0/2,0.4,1,9388
2017,Josh Tomlin,Indians,Central,7,0,0.0 %,0/3,0.143,1,9388
2016,Juan Uribe,Indians,Central,259,7,5.8 %,15/49,0.206,66,454
2015,Lonnie Chisenhall,Indians,Central,362,7,6.4 %,23/69,0.246,106,7571
2016,Lonnie Chisenhall,Indians,Central,418,8,5.5 %,23/70,0.286,131,7571
2017,Lonnie Chisenhall,Indians,Central,270,12,9.3 %,25/55,0.288,84,7571
2018,Lonnie Chisenhall,Indians,Central,95,1,8.4 %,8/12,0.321,33,7571
2016,Marlon Byrd,Indians,Central,129,5,8.5 %,11/38,0.27,35,950
2018,Melky Cabrera,Indians,Central,278,6,7.2 %,20/38,0.28,56,4022
2015,Michael Brantley,Indians,Central,596,15,10.1 %,60/51,0.31,152,4106
2016,Michael Brantley,Indians,Central,43,0,7.0 %,3/6,0.231,11,4106
2017,Michael Brantley,Indians,Central,375,9,8.3 %,31/50,0.299,83,4106
2018,Michael Brantley,Indians,Central,631,17,7.6 %,48/60,0.309,156,4106
2015,Michael Martinez,Indians,Central,32,0,3.1 %,1/12,0.267,1,7358
2015,Mike Aviles,Indians,Central,317,5,6.3 %,20/38,0.231,87,5986
2016,Mike Clevinger,Indians,Central,2,0,0.0 %,0/0,0,0,12808
2017,Mike Clevinger,Indians,Central,3,0,0.0 %,0/1,0,0,12808
2018,Mike Clevinger,Indians,Central,4,0,0.0 %,0/4,0,0,12808
2016,Mike Napoli,Indians,Central,645,34,12.1 %,78/194,0.239,166,3057
2018,Neil Ramirez,Indians,Central,1,0,0.0 %,0/1,0,0,7677
2016,Rajai Davis,Indians,Central,495,12,6.7 %,33/106,0.249,125,3708
2018,Rajai Davis,Indians,Central,216,1,5.1 %,11/48,0.224,46,3708
2015,Roberto Perez,Indians,Central,226,7,14.6 %,33/64,0.228,33,2900
2016,Roberto Perez,Indians,Central,184,3,12.5 %,23/44,0.183,34,2900
2017,Roberto Perez,Indians,Central,248,8,10.5 %,26/71,0.207,47,2900
2018,Roberto Perez,Indians,Central,210,2,10.0 %,21/70,0.168,38,2900
2015,Ryan Raburn,Indians,Central,201,8,11.4 %,23/44,0.301,45,2218
2018,Shane Bieber,Indians,Central,5,0,20.0 %,1/2,0.25,0,19427
2015,Trevor Bauer,Indians,Central,7,0,14.3 %,1/1,0.167,1,12703
2016,Trevor Bauer,Indians,Central,6,0,0.0 %,0/5,0,0,12703
2017,Trevor Bauer,Indians,Central,3,0,0.0 %,0/1,0,0,12703
2018,Trevor Bauer,Indians,Central,3,0,0.0 %,0/1,0,0,12703
2016,Tyler Naquin,Indians,Central,365,14,9.9 %,36/112,0.296,63,13359
2017,Tyler Naquin,Indians,Central,40,0,5.0 %,2/9,0.216,6,13359
2018,Tyler Naquin,Indians,Central,183,3,3.3 %,6/42,0.264,31,13359
2015,Yan Gomes,Indians,Central,389,12,3.3 %,13/104,0.231,106,9627
2016,Yan Gomes,Indians,Central,264,9,3.4 %,9/69,0.167,83,9627
2017,Yan Gomes,Indians,Central,383,14,8.1 %,31/99,0.232,101,9627
2018,Yan Gomes,Indians,Central,435,16,4.8 %,21/119,0.266,118,9627
2017,Yandy Diaz,Indians,Central,179,0,11.7 %,21/35,0.263,23,16578
2018,Yandy Diaz,Indians,Central,120,1,9.2 %,11/19,0.312,21,16578
2018,Yonder Alonso,Indians,Central,574,23,8.9 %,51/123,0.25,159,2530
2015,Zach Walters,Indians,Central,30,0,0.0 %,0/15,0.133,6,10622
2018,Abraham Almonte,Royals,Central,151,3,9.9 %,15/36,0.179,34,5486
2016,Adalberto Mondesi,Royals,Central,149,2,4.0 %,6/48,0.185,30,13769
2017,Adalberto Mondesi,Royals,Central,60,1,5.0 %,3/22,0.17,9,13769
2018,Adalberto Mondesi,Royals,Central,291,14,3.8 %,11/77,0.276,71,13769
2015,Alcides Escobar,Royals,Central,662,3,3.9 %,26/75,0.257,161,6310
2016,Alcides Escobar,Royals,Central,682,7,4.0 %,27/96,0.261,162,6310
2017,Alcides Escobar,Royals,Central,629,6,2.4 %,15/102,0.25,185,6310
2018,Alcides Escobar,Royals,Central,531,4,5.5 %,29/74,0.231,131,6310
2015,Alex Gordon,Royals,Central,422,13,11.6 %,49/92,0.271,100,5209
2016,Alex Gordon,Royals,Central,506,17,10.3 %,52/148,0.22,113,5209
2017,Alex Gordon,Royals,Central,541,9,8.3 %,45/126,0.208,116,5209
2018,Alex Gordon,Royals,Central,568,13,8.8 %,50/124,0.245,115,5209
2015,Alex Rios,Royals,Central,411,4,3.6 %,15/67,0.255,123,2090
2017,Billy Burns,Royals,Central,6,0,0.0 %,0/1,0.167,3,12701
2018,Brad Keller,Royals,Central,3,0,0.0 %,0/1,0.333,0,15734
2017,Brandon Moss,Royals,Central,401,22,9.2 %,37/128,0.207,105,4467
2018,Brian Flynn,Royals,Central,1,0,0.0 %,0/0,0,0,12027
2017,Cam Gallagher,Royals,Central,27,1,11.1 %,3/4,0.25,7,12981
2018,Cam Gallagher,Royals,Central,69,1,4.3 %,3/15,0.206,26,12981
2015,Cheslor Cuthbert,Royals,Central,50,1,8.0 %,4/9,0.217,12,10473
2016,Cheslor Cuthbert,Royals,Central,510,12,6.3 %,32/96,0.274,135,10473
2017,Cheslor Cuthbert,Royals,Central,153,2,5.9 %,9/39,0.231,37,10473
2018,Cheslor Cuthbert,Royals,Central,117,3,9.4 %,11/23,0.194,33,10473
2015,Chris Young,Royals,Central,4,0,0.0 %,0/1,0.5,0,3196
2016,Chris Young,Royals,Central,1,0,0.0 %,0/0,0,0,3196
2015,Christian Colon,Royals,Central,119,0,9.2 %,11/17,0.29,26,11145
2016,Christian Colon,Royals,Central,161,1,6.8 %,11/31,0.231,35,11145
2016,Danny Duffy,Royals,Central,6,0,0.0 %,0/1,0.2,1,3542
2017,Danny Duffy,Royals,Central,2,0,0.0 %,0/1,0.5,0,3542
2018,Danny Duffy,Royals,Central,2,0,0.0 %,0/2,0,0,3542
2016,Dillon Gee,Royals,Central,3,0,0.0 %,0/0,0,1,7396
2016,Drew Butera,Royals,Central,133,4,6.0 %,8/36,0.285,33,3411
2017,Drew Butera,Royals,Central,177,3,6.8 %,12/41,0.227,55,3411
2015,Dusty Coleman,Royals,Central,5,0,0.0 %,0/3,0,2,8979
2015,Edinson Volquez,Royals,Central,6,0,0.0 %,0/4,0,1,3990
2016,Edinson Volquez,Royals,Central,5,0,0.0 %,0/3,0,0,3990
2015,Eric Hosmer,Royals,Central,667,18,9.1 %,61/108,0.297,119,3516
2016,Eric Hosmer,Royals,Central,667,25,8.5 %,57/132,0.266,117,3516
2017,Eric Hosmer,Royals,Central,671,25,9.8 %,66/104,0.318,111,3516
2018,Eric Skoglund,Royals,Central,3,0,0.0 %,0/2,0,0,16155
2015,Francisco Pena,Royals,Central,7,0,0.0 %,0/3,0.143,0,8298
2018,Heath Fillmyer,Royals,Central,5,0,0.0 %,0/3,0.25,0,17466
2016,Hunter Dozier,Royals,Central,21,0,9.5 %,2/8,0.211,4,15117
2018,Hunter Dozier,Royals,Central,388,11,6.2 %,24/109,0.229,93,15117
2016,Ian Kennedy,Royals,Central,3,0,0.0 %,0/2,0,0,6986
2017,Ian Kennedy,Royals,Central,4,0,25.0 %,1/0,0.333,0,6986
2018,Ian Kennedy,Royals,Central,2,0,0.0 %,0/0,0.5,0,6986
2017,Jakob Junis,Royals,Central,3,0,0.0 %,0/3,0,0,13619
2018,Jakob Junis,Royals,Central,2,0,0.0 %,0/1,0,0,13619
2015,Jarrod Dyson,Royals,Central,225,2,6.2 %,14/37,0.25,35,4866
2016,Jarrod Dyson,Royals,Central,337,1,7.7 %,26/39,0.278,60,4866
2017,Jason Hammel,Royals,Central,9,0,0.0 %,0/2,0,0,4538
2018,Jason Hammel,Royals,Central,3,0,0.0 %,0/2,0,0,4538
2017,Jason Vargas,Royals,Central,4,0,0.0 %,0/1,0.25,0,8044
2015,Jeremy Guthrie,Royals,Central,5,0,0.0 %,0/0,0.25,0,2072
2017,Jorge Bonifacio,Royals,Central,422,17,8.3 %,35/118,0.255,93,12174
2018,Jorge Bonifacio,Royals,Central,270,4,10.7 %,29/71,0.225,71,12174
2017,Jorge Soler,Royals,Central,110,2,10.9 %,12/36,0.144,27,14221
2018,Jorge Soler,Royals,Central,257,9,10.9 %,28/69,0.265,53,14221
2015,Kendrys Morales,Royals,Central,639,22,9.1 %,58/103,0.29,163,8610
2016,Kendrys Morales,Royals,Central,618,30,7.8 %,48/120,0.263,158,8610
2015,Kris Medlen,Royals,Central,1,0,0.0 %,0/0,0,0,9417
2015,Lorenzo Cain,Royals,Central,604,16,6.1 %,37/98,0.307,143,9077
2016,Lorenzo Cain,Royals,Central,434,9,7.1 %,31/84,0.287,95,9077
2017,Lorenzo Cain,Royals,Central,645,15,8.4 %,54/100,0.3,160,9077
2018,Meibrys Viloria,Royals,Central,29,0,3.4 %,1/9,0.259,3,17109
2015,Mike Moustakas,Royals,Central,614,22,7.0 %,43/76,0.284,196,4892
2016,Mike Moustakas,Royals,Central,113,7,8.0 %,9/13,0.24,36,4892
2017,Mike Moustakas,Royals,Central,598,38,5.7 %,34/94,0.272,213,4892
2015,Omar Infante,Royals,Central,455,2,2.0 %,9/69,0.22,140,1609
2016,Omar Infante,Royals,Central,149,0,6.0 %,9/23,0.239,47,1609
2015,Orlando Calixte,Royals,Central,3,0,0.0 %,0/0,0,1,11905
2015,Paulo Orlando,Royals,Central,251,7,2.0 %,5/53,0.249,63,8628
2016,Paulo Orlando,Royals,Central,484,5,2.7 %,13/105,0.302,90,8628
2017,Paulo Orlando,Royals,Central,90,2,1.1 %,1/20,0.198,23,8628
2018,Paulo Orlando,Royals,Central,93,0,3.2 %,3/25,0.167,20,8628
2017,Ramon Torres,Royals,Central,79,0,5.1 %,4/12,0.243,17,14113
2018,Ramon Torres,Royals,Central,29,0,3.4 %,1/3,0.179,6,14113
2016,Rey Fuentes,Royals,Central,44,0,6.8 %,3/8,0.317,6,10329
2018,Ryan Goins,Royals,Central,120,0,3.3 %,4/29,0.226,24,9807
2018,Ryan O'Hearn,Royals,Central,170,12,11.8 %,20/45,0.262,48,16442
2015,Salvador Perez,Royals,Central,553,21,2.4 %,13/82,0.26,170,7304
2016,Salvador Perez,Royals,Central,546,22,4.0 %,22/119,0.247,187,7304
2017,Salvador Perez,Royals,Central,499,27,3.4 %,17/95,0.268,179,7304
2018,Salvador Perez,Royals,Central,544,27,3.1 %,17/108,0.235,183,7304
2017,Scott Alexander,Royals,Central,3,0,0.0 %,0/1,0,0,10591
2015,Terrance Gore,Royals,Central,4,0,0.0 %,0/1,0,1,13658
2016,Terrance Gore,Royals,Central,3,0,0.0 %,0/1,0,1,13658
2017,Terrance Gore,Royals,Central,5,0,20.0 %,1/2,0,0,13658
2018,Tim Hill,Royals,Central,1,0,0.0 %,0/1,0,0,16814
2016,Tony Cruz,Royals,Central,5,0,0.0 %,0/3,0,2,2802
2016,Whit Merrifield,Royals,Central,332,2,5.7 %,19/72,0.283,70,11281
2017,Whit Merrifield,Royals,Central,630,19,4.6 %,29/88,0.288,202,11281
2018,Whit Merrifield,Royals,Central,707,12,8.6 %,61/114,0.304,184,11281
2015,Yordano Ventura,Royals,Central,6,0,0.0 %,0/5,0,0,11855
2016,Yordano Ventura,Royals,Central,3,0,0.0 %,0/2,0.333,0,11855
2015,Alex Avila,Tigers,Central,219,4,18.3 %,40/66,0.191,35,7476
2017,Alex Presley,Tigers,Central,264,3,5.7 %,15/49,0.314,46,5305
2015,Alfredo Simon,Tigers,Central,5,0,0.0 %,0/2,0,0,2155
2015,Andrew Romine,Tigers,Central,203,2,5.4 %,11/46,0.255,30,1159
2016,Andrew Romine,Tigers,Central,194,2,6.7 %,13/38,0.236,30,1159
2017,Andrew Romine,Tigers,Central,348,4,6.3 %,22/67,0.233,68,1159
2015,Anibal Sanchez,Tigers,Central,4,0,0.0 %,0/4,0,0,3284
2016,Anibal Sanchez,Tigers,Central,6,0,0.0 %,0/3,0,0,3284
2017,Anibal Sanchez,Tigers,Central,2,0,0.0 %,0/1,0,1,3284
2015,Anthony Gose,Tigers,Central,535,5,8.4 %,45/145,0.254,81,5097
2016,Anthony Gose,Tigers,Central,101,2,8.9 %,9/38,0.209,12,5097
2015,Blaine Hardy,Tigers,Central,1,0,0.0 %,0/0,0,0,6499
2015,Bryan Holaday,Tigers,Central,65,2,1.5 %,1/13,0.281,23,11287
2017,Bryan Holaday,Tigers,Central,29,0,0.0 %,0/1,0.241,10,11287
2015,Buck Farmer,Tigers,Central,4,0,0.0 %,0/3,0.25,0,14814
2016,Cameron Maybin,Tigers,Central,391,4,9.2 %,36/69,0.315,60,5223
2016,Casey McGehee,Tigers,Central,96,0,3.1 %,3/14,0.228,26,6086
2018,Christin Stewart,Tigers,Central,72,2,13.9 %,10/13,0.267,21,17714
2015,Daniel Fields,Tigers,Central,3,0,0.0 %,0/2,0.333,0,10390
2016,Daniel Norris,Tigers,Central,3,0,33.3 %,1/0,0,0,13475
2018,Daniel Norris,Tigers,Central,2,0,0.0 %,0/1,0,0,13475
2018,Dawel Lugo,Tigers,Central,101,1,6.9 %,7/20,0.213,11,14713
2015,Dixon Machado,Tigers,Central,78,0,9.0 %,7/14,0.235,15,11472
2016,Dixon Machado,Tigers,Central,13,0,23.1 %,3/4,0.1,0,11472
2017,Dixon Machado,Tigers,Central,181,1,5.5 %,10/32,0.259,33,11472
2018,Dixon Machado,Tigers,Central,233,1,6.0 %,14/41,0.206,55,11472
2018,Drew VerHagen,Tigers,Central,1,0,0.0 %,0/0,0,0,13424
2017,Efren Navarro,Tigers,Central,69,2,11.6 %,8/21,0.23,15,9854
2018,Francisco Liriano,Tigers,Central,2,0,0.0 %,0/0,0,0,3201
2018,Grayson Greiner,Tigers,Central,116,0,14.7 %,17/32,0.219,21,17062
2018,Harold Castro,Tigers,Central,10,0,0.0 %,0/2,0.3,2,14691
2015,Ian Kinsler,Tigers,Central,675,11,6.4 %,43/80,0.296,221,6195
2016,Ian Kinsler,Tigers,Central,679,28,6.6 %,45/115,0.288,224,6195
2017,Ian Kinsler,Tigers,Central,613,22,9.0 %,55/86,0.236,216,6195
2015,J.D. Martinez,Tigers,Central,657,38,8.1 %,53/178,0.282,183,6184
2016,J.D. Martinez,Tigers,Central,517,22,9.5 %,49/128,0.307,122,6184
2016,JaCoby Jones,Tigers,Central,28,0,0.0 %,0/12,0.214,5,14818
2017,JaCoby Jones,Tigers,Central,154,3,5.8 %,9/65,0.17,23,14818
2018,JaCoby Jones,Tigers,Central,467,11,5.1 %,24/142,0.207,94,14818
2015,James McCann,Tigers,Central,425,7,3.8 %,16/90,0.264,83,12859
2016,James McCann,Tigers,Central,373,12,6.2 %,23/109,0.221,95,12859
2017,James McCann,Tigers,Central,391,13,6.6 %,26/89,0.253,91,12859
2018,James McCann,Tigers,Central,457,8,5.7 %,26/116,0.22,122,12859
2016,Jarrod Saltalamacchia,Tigers,Central,292,12,14.0 %,41/104,0.171,79,5557
2018,Jarrod Saltalamacchia,Tigers,Central,8,0,12.5 %,1/4,0,0,5557
2015,Jefry Marte,Tigers,Central,90,4,8.9 %,8/22,0.213,20,5107
2018,Jeimer Candelario,Tigers,Central,619,19,10.7 %,66/160,0.224,156,13621
2017,Jim Adduci,Tigers,Central,93,1,10.8 %,10/27,0.241,17,6448
2018,Jim Adduci,Tigers,Central,185,3,3.2 %,6/45,0.267,43,6448
2016,John Hicks,Tigers,Central,2,0,0.0 %,0/0,0.5,0,12547
2017,John Hicks,Tigers,Central,190,6,6.8 %,13/51,0.266,36,12547
2018,John Hicks,Tigers,Central,312,9,7.1 %,22/84,0.26,77,12547
2016,Jordan Zimmermann,Tigers,Central,5,0,0.0 %,0/2,0.25,0,4505
2017,Jordan Zimmermann,Tigers,Central,6,0,0.0 %,0/1,0.167,0,4505
2018,Jordan Zimmermann,Tigers,Central,2,0,0.0 %,0/2,0,0,4505
2015,Jose Iglesias,Tigers,Central,454,2,5.5 %,25/44,0.3,85,10231
2016,Jose Iglesias,Tigers,Central,513,4,5.5 %,28/50,0.255,117,10231
2017,Jose Iglesias,Tigers,Central,489,6,4.3 %,21/65,0.255,105,10231
2018,Jose Iglesias,Tigers,Central,464,5,4.1 %,19/47,0.269,129,10231
2015,Josh Wilson,Tigers,Central,41,0,0.0 %,0/15,0.316,7,2102
2016,Justin Upton,Tigers,Central,626,31,8.0 %,50/179,0.246,169,5222
2016,Justin Verlander,Tigers,Central,5,0,0.0 %,0/2,0.2,2,8700
2017,Matt den Dekker,Tigers,Central,8,0,12.5 %,1/4,0.143,1,11385
2017,Matthew Boyd,Tigers,Central,3,0,0.0 %,0/0,0.333,0,15440
2018,Matthew Boyd,Tigers,Central,2,0,0.0 %,0/2,0,0,15440
2016,Michael Fulmer,Tigers,Central,2,0,0.0 %,0/2,0,0,13218
2017,Michael Fulmer,Tigers,Central,5,0,0.0 %,0/2,0,0,13218
2018,Michael Fulmer,Tigers,Central,7,0,0.0 %,0/4,0,0,13218
2015,Miguel Cabrera,Tigers,Central,511,18,15.1 %,77/82,0.338,114,1744
2016,Miguel Cabrera,Tigers,Central,679,38,11.0 %,75/116,0.316,172,1744
2017,Miguel Cabrera,Tigers,Central,529,16,10.2 %,54/110,0.249,119,1744
2018,Miguel Cabrera,Tigers,Central,157,3,14.0 %,22/27,0.299,22,1744
2016,Mike Aviles,Tigers,Central,181,1,5.0 %,9/27,0.21,39,5986
2018,Mike Gerber,Tigers,Central,47,0,8.5 %,4/21,0.095,10,16115
2017,Mikie Mahtook,Tigers,Central,379,12,6.1 %,23/79,0.276,90,13130
2018,Mikie Mahtook,Tigers,Central,250,9,8.4 %,21/66,0.202,60,13130
2015,Nicholas Castellanos,Tigers,Central,595,15,6.6 %,39/152,0.255,163,11737
2016,Nicholas Castellanos,Tigers,Central,447,18,6.3 %,28/111,0.285,131,11737
2017,Nicholas Castellanos,Tigers,Central,665,26,6.2 %,41/142,0.272,182,11737
2018,Nicholas Castellanos,Tigers,Central,678,23,7.2 %,49/151,0.298,169,11737
2018,Niko Goodrum,Tigers,Central,492,16,8.5 %,42/132,0.245,103,12092
2018,Pete Kozma,Tigers,Central,73,1,2.7 %,2/15,0.217,22,2539
2015,Rajai Davis,Tigers,Central,370,8,5.9 %,22/76,0.258,88,3708
2018,Ronny Rodriguez,Tigers,Central,206,5,4.9 %,10/42,0.225,55,11875
2015,Shane Greene,Tigers,Central,5,0,0.0 %,0/5,0,0,10756
2016,Shane Greene,Tigers,Central,2,0,0.0 %,0/0,0,1,10756
2018,Spencer Turnbull,Tigers,Central,2,0,0.0 %,0/1,0,0,16207
2015,Steven Moya,Tigers,Central,25,0,12.0 %,3/10,0.182,6,11854
2016,Steven Moya,Tigers,Central,100,5,5.0 %,5/38,0.255,20,11854
2015,Tyler Collins,Tigers,Central,207,4,6.3 %,13/43,0.266,56,12723
2016,Tyler Collins,Tigers,Central,151,4,8.6 %,13/38,0.235,39,12723
2017,Tyler Collins,Tigers,Central,169,5,10.7 %,18/55,0.193,41,12723
2015,Victor Martinez,Tigers,Central,485,11,6.4 %,31/52,0.245,153,393
2016,Victor Martinez,Tigers,Central,610,27,8.2 %,50/90,0.289,183,393
2017,Victor Martinez,Tigers,Central,435,10,8.3 %,36/63,0.255,113,393
2018,Victor Martinez,Tigers,Central,508,9,6.3 %,32/49,0.251,153,393
2018,Victor Reyes,Tigers,Central,219,1,2.3 %,5/46,0.222,38,15487
2018,Warwick Saupold,Tigers,Central,1,0,0.0 %,0/1,0,0,13211
2015,Aaron Hicks,Twins,Central,390,11,8.7 %,34/66,0.256,99,5297
2018,Adalberto Mejia,Twins,Central,1,0,0.0 %,0/1,0,0,13188
2018,Bobby Wilson,Twins,Central,151,2,7.9 %,12/37,0.178,38,6564
2015,Brian Dozier,Twins,Central,704,28,8.7 %,61/148,0.236,213,9810
2016,Brian Dozier,Twins,Central,691,42,8.8 %,61/138,0.268,228,9810
2017,Brian Dozier,Twins,Central,705,34,11.1 %,78/141,0.271,202,9810
2015,Brian Duensing,Twins,Central,1,0,0.0 %,0/0,0,0,4064
2015,Byron Buxton,Twins,Central,138,2,4.3 %,6/44,0.209,34,14161
2016,Byron Buxton,Twins,Central,331,10,6.9 %,23/118,0.225,74,14161
2017,Byron Buxton,Twins,Central,511,16,7.4 %,38/150,0.253,113,14161
2018,Byron Buxton,Twins,Central,94,0,3.2 %,3/28,0.156,20,14161
2016,Byung-ho Park,Twins,Central,244,12,8.6 %,21/80,0.191,58,18497
2017,Chris Gimenez,Twins,Central,225,7,14.7 %,33/60,0.22,46,7324
2015,Chris Herrmann,Twins,Central,113,2,6.2 %,7/37,0.146,23,9284
2015,Danny Santana,Twins,Central,277,0,2.2 %,6/68,0.215,47,10322
2016,Danny Santana,Twins,Central,248,2,4.8 %,12/55,0.24,42,10322
2016,Darin Mastroianni,Twins,Central,11,0,18.2 %,2/4,0,1,7316
2017,Dietrich Enns,Twins,Central,2,0,0.0 %,0/1,0.5,0,13932
2015,Doug Bernier,Twins,Central,6,0,16.7 %,1/3,0.2,1,4518
2015,Eddie Rosario,Twins,Central,474,13,3.2 %,15/118,0.267,136,12155
2016,Eddie Rosario,Twins,Central,354,10,3.4 %,12/91,0.269,84,12155
2017,Eddie Rosario,Twins,Central,589,27,5.9 %,35/106,0.29,165,12155
2018,Eddie Rosario,Twins,Central,592,24,5.1 %,30/104,0.288,200,12155
2015,Eduardo Escobar,Twins,Central,446,12,6.3 %,28/86,0.262,126,6153
2016,Eduardo Escobar,Twins,Central,377,6,5.6 %,21/72,0.236,105,6153
2017,Eduardo Escobar,Twins,Central,499,21,6.6 %,33/98,0.254,164,6153
2015,Eduardo Nunez,Twins,Central,204,4,5.9 %,12/29,0.282,42,6848
2017,Ehire Adrianza,Twins,Central,186,2,8.6 %,16/25,0.265,55,8418
2018,Ehire Adrianza,Twins,Central,366,6,6.6 %,24/82,0.251,92,8418
2015,Eric Fryer,Twins,Central,27,0,18.5 %,5/11,0.227,2,8145
2016,Ervin Santana,Twins,Central,6,0,0.0 %,0/3,0,0,3200
2017,Ervin Santana,Twins,Central,10,0,0.0 %,0/3,0.2,1,3200
2016,Fernando Abad,Twins,Central,1,0,0.0 %,0/1,0,0,4994
2018,Fernando Romero,Twins,Central,3,0,0.0 %,0/3,0,0,15885
2018,Gregorio Petit,Twins,Central,67,0,9.0 %,6/14,0.246,14,3812
2018,Jake Cave,Twins,Central,309,13,5.8 %,18/102,0.269,56,14477
2018,Jake Odorizzi,Twins,Central,8,0,0.0 %,0/2,0,0,6397
2016,James Beresford,Twins,Central,24,0,4.2 %,1/6,0.227,1,4626
2017,Jason Castro,Twins,Central,407,10,11.1 %,45/108,0.242,83,8722
2018,Jason Castro,Twins,Central,74,1,12.2 %,9/26,0.143,12,8722
2015,Joe Mauer,Twins,Central,666,10,10.1 %,67/112,0.265,97,1857
2016,Joe Mauer,Twins,Central,576,11,13.7 %,79/93,0.261,86,1857
2017,Joe Mauer,Twins,Central,597,7,11.1 %,66/83,0.305,104,1857
2018,Joe Mauer,Twins,Central,543,6,9.4 %,51/86,0.282,89,1857
2016,John Ryan Murphy,Twins,Central,90,1,5.6 %,5/19,0.146,29,10346
2015,Jordan Schafer,Twins,Central,74,0,4.1 %,3/23,0.217,11,9883
2015,Jorge Polanco,Twins,Central,12,0,16.7 %,2/1,0.3,2,13152
2016,Jorge Polanco,Twins,Central,270,4,6.3 %,17/46,0.282,74,13152
2017,Jorge Polanco,Twins,Central,544,13,7.5 %,41/78,0.256,175,13152
2018,Jorge Polanco,Twins,Central,333,6,7.5 %,25/62,0.288,89,13152
2016,Jose Berrios,Twins,Central,1,0,0.0 %,0/0,1,0,14168
2017,Jose Berrios,Twins,Central,5,0,0.0 %,0/2,0.2,1,14168
2018,Jose Berrios,Twins,Central,4,0,0.0 %,0/2,0,0,14168
2016,Juan Centeno,Twins,Central,192,3,6.3 %,12/38,0.261,32,7168
2015,Kennys Vargas,Twins,Central,184,5,4.9 %,9/54,0.24,28,12101
2016,Kennys Vargas,Twins,Central,177,10,13.6 %,24/57,0.23,46,12101
2017,Kennys Vargas,Twins,Central,264,11,7.6 %,20/77,0.253,53,12101
2015,Kurt Suzuki,Twins,Central,479,5,6.1 %,29/59,0.24,142,8259
2016,Kurt Suzuki,Twins,Central,373,8,4.8 %,18/48,0.258,114,8259
2015,Kyle Gibson,Twins,Central,5,0,0.0 %,0/2,0.2,0,10123
2016,Kyle Gibson,Twins,Central,8,0,12.5 %,1/5,0,0,10123
2018,Kyle Gibson,Twins,Central,2,0,0.0 %,0/0,1,0,10123
2018,Logan Morrison,Twins,Central,359,15,9.5 %,34/80,0.186,112,9205
2016,Logan Schafer,Twins,Central,74,0,10.8 %,8/16,0.238,15,7937
2018,Matt Magill,Twins,Central,1,0,0.0 %,0/1,0,0,3950
2015,Max Kepler,Twins,Central,7,0,0.0 %,0/3,0.143,1,12144
2016,Max Kepler,Twins,Central,447,17,9.4 %,42/93,0.235,112,12144
2017,Max Kepler,Twins,Central,568,19,8.3 %,47/114,0.243,157,12144
2018,Max Kepler,Twins,Central,611,20,11.6 %,71/96,0.224,203,12144
2016,Michael Tonkin,Twins,Central,2,0,0.0 %,0/1,0,0,10315
2015,Miguel Sano,Twins,Central,335,18,15.8 %,53/119,0.269,68,12164
2016,Miguel Sano,Twins,Central,495,25,10.9 %,54/178,0.236,120,12164
2017,Miguel Sano,Twins,Central,483,28,11.2 %,54/173,0.264,102,12164
2018,Miguel Sano,Twins,Central,299,13,10.4 %,31/115,0.199,63,12164
2015,Mike Pelfrey,Twins,Central,3,0,0.0 %,0/1,0.667,0,5203
2017,Mitch Garver,Twins,Central,52,0,11.5 %,6/15,0.196,12,15161
2018,Mitch Garver,Twins,Central,335,7,8.7 %,29/72,0.268,87,15161
2017,Nik Turley,Twins,Central,2,0,0.0 %,0/0,0,0,5530
2017,Niko Goodrum,Twins,Central,18,0,5.6 %,1/10,0.059,2,12092
2015,Oswaldo Arcia,Twins,Central,65,2,6.2 %,4/15,0.276,18,10306
2015,Phil Hughes,Twins,Central,3,0,0.0 %,0/0,0,0,7450
2016,Phil Hughes,Twins,Central,2,0,0.0 %,0/2,0,0,7450
2015,Ricky Nolasco,Twins,Central,3,0,0.0 %,0/3,0,0,3830
2016,Robbie Grossman,Twins,Central,389,11,14.1 %,55/96,0.28,86,5254
2017,Robbie Grossman,Twins,Central,456,9,14.7 %,67/79,0.246,104,5254
2018,Robbie Grossman,Twins,Central,465,5,12.9 %,60/83,0.273,118,5254
2016,Ryan O'Rourke,Twins,Central,1,0,0.0 %,0/0,0,0,10976
2015,Shane Robinson,Twins,Central,197,0,6.1 %,12/29,0.25,49,4249
2015,Tommy Milone,Twins,Central,2,0,0.0 %,0/1,0,1,7608
2016,Tommy Milone,Twins,Central,2,0,0.0 %,0/0,1,0,7608
2015,Torii Hunter,Twins,Central,567,22,6.2 %,35/105,0.24,143,731
2015,Trevor May,Twins,Central,3,0,0.0 %,0/3,0,0,6398
2015,Trevor Plouffe,Twins,Central,632,22,7.9 %,50/124,0.244,183,7462
2016,Trevor Plouffe,Twins,Central,344,12,5.5 %,19/60,0.26,99,7462
2016,Tyler Duffey,Twins,Central,2,0,0.0 %,0/1,0,0,13758
2018,Willians Astudillo,Twins,Central,97,3,2.1 %,2/3,0.355,33,15608
2017,Zack Granite,Twins,Central,107,1,11.2 %,12/9,0.237,23,15343
2015,Adam Eaton,White_Sox,Central,689,14,8.4 %,58/131,0.287,128,11205
2016,Adam Eaton,White_Sox,Central,706,14,8.9 %,63/115,0.284,127,11205
2017,Adam Engel,White_Sox,Central,336,6,5.7 %,19/117,0.166,80,15082
2018,Adam Engel,White_Sox,Central,463,6,3.9 %,18/129,0.235,120,15082
2015,Adam LaRoche,White_Sox,Central,484,12,10.1 %,49/133,0.207,117,1904
2016,Alex Avila,White_Sox,Central,209,7,18.2 %,38/78,0.213,21,7476
2015,Alexei Ramirez,White_Sox,Central,622,10,5.0 %,31/68,0.249,151,5133
2018,Alfredo Gonzalez,White_Sox,Central,9,0,0.0 %,0/4,0.111,1,14267
2016,Anthony Ranaudo,White_Sox,Central,3,1,0.0 %,0/1,0.333,1,11424
2016,Austin Jackson,White_Sox,Central,203,0,8.4 %,17/39,0.254,46,9848
2015,Avisail Garcia,White_Sox,Central,601,13,6.0 %,36/141,0.257,111,5760
2016,Avisail Garcia,White_Sox,Central,453,12,7.5 %,34/115,0.245,70,5760
2017,Avisail Garcia,White_Sox,Central,561,18,5.9 %,33/111,0.33,112,5760
2018,Avisail Garcia,White_Sox,Central,385,19,5.2 %,20/102,0.236,89,5760
2016,Brett Lawrie,White_Sox,Central,384,12,7.8 %,30/109,0.248,103,5247
2015,Carlos Rodon,White_Sox,Central,3,0,0.0 %,0/1,0,0,16137
2016,Carlos Rodon,White_Sox,Central,3,0,0.0 %,0/2,0,0,16137
2017,Carlos Rodon,White_Sox,Central,7,0,0.0 %,0/2,0.333,1,16137
2016,Charlie Tilson,White_Sox,Central,2,0,0.0 %,0/0,0.5,0,12983
2018,Charlie Tilson,White_Sox,Central,121,0,8.3 %,10/20,0.264,16,12983
2015,Chris Sale,White_Sox,Central,9,0,0.0 %,0/4,0.111,1,10603
2016,Chris Sale,White_Sox,Central,6,0,0.0 %,0/2,0.167,0,10603
2017,Cody Asche,White_Sox,Central,62,1,4.8 %,3/21,0.105,16,11997
2018,Daniel Palka,White_Sox,Central,449,27,6.7 %,30/153,0.24,100,14897
2017,Derek Holland,White_Sox,Central,1,0,0.0 %,0/0,1,0,4141
2018,Dustin Garneau,White_Sox,Central,3,0,33.3 %,1/0,0.5,1,9433
2017,Dylan Covey,White_Sox,Central,1,0,0.0 %,0/1,0,0,14825
2018,Dylan Covey,White_Sox,Central,1,0,0.0 %,0/1,0,0,14825
2015,Emilio Bonifacio,White_Sox,Central,82,0,2.4 %,2/27,0.167,11,4054
2015,Geovany Soto,White_Sox,Central,210,9,10.0 %,21/63,0.219,49,3707
2017,Geovany Soto,White_Sox,Central,48,3,8.3 %,4/10,0.19,13,3707
2015,Gordon Beckham,White_Sox,Central,237,6,8.0 %,19/43,0.209,61,9015
2018,Hector Santiago,White_Sox,Central,4,0,0.0 %,0/2,0,1,4026
2015,J.B. Shuck,White_Sox,Central,165,0,9.7 %,16/16,0.266,32,6677
2016,J.B. Shuck,White_Sox,Central,241,4,5.0 %,12/21,0.205,63,6677
2017,Jacob May,White_Sox,Central,42,0,7.1 %,3/17,0.056,3,14876
2018,James Shields,White_Sox,Central,7,0,0.0 %,0/3,0.167,1,7059
2016,Jason Coats,White_Sox,Central,58,1,8.6 %,5/12,0.2,12,14282
2015,Jeff Samardzija,White_Sox,Central,2,0,0.0 %,0/1,0.5,0,3254
2016,Jerry Sands,White_Sox,Central,58,1,5.2 %,3/24,0.236,6,4016
2016,Jimmy Rollins,White_Sox,Central,166,2,9.6 %,16/33,0.221,42,971
2015,Jose Abreu,White_Sox,Central,668,30,5.8 %,39/140,0.29,152,15676
2016,Jose Abreu,White_Sox,Central,695,25,6.8 %,47/125,0.293,169,15676
2017,Jose Abreu,White_Sox,Central,675,33,5.2 %,35/119,0.304,184,15676
2018,Jose Abreu,White_Sox,Central,553,22,6.7 %,37/109,0.265,137,15676
2015,Jose Quintana,White_Sox,Central,9,0,0.0 %,0/5,0,0,11423
2016,Jose Quintana,White_Sox,Central,2,0,0.0 %,0/1,0,0,11423
2018,Jose Rondon,White_Sox,Central,107,6,6.5 %,7/30,0.23,25,14140
2016,Justin Morneau,White_Sox,Central,218,6,5.5 %,12/52,0.261,47,1737
2016,Kevan Smith,White_Sox,Central,16,0,0.0 %,0/6,0.125,3,12284
2017,Kevan Smith,White_Sox,Central,294,4,3.1 %,9/46,0.283,54,12284
2018,Kevan Smith,White_Sox,Central,187,3,5.3 %,10/18,0.292,32,12284
2015,Leury Garcia,White_Sox,Central,15,0,6.7 %,1/7,0.214,0,5913
2016,Leury Garcia,White_Sox,Central,50,1,2.0 %,1/13,0.229,9,5913
2017,Leury Garcia,White_Sox,Central,326,9,4.0 %,13/69,0.27,55,5913
2018,Leury Garcia,White_Sox,Central,275,4,3.3 %,9/69,0.271,42,5913
2018,Lucas Giolito,White_Sox,Central,6,0,0.0 %,0/4,0,1,15474
2016,Matt Albers,White_Sox,Central,1,0,0.0 %,0/0,1,1,4300
2016,Matt Davidson,White_Sox,Central,2,0,0.0 %,0/1,0.5,0,7226
2017,Matt Davidson,White_Sox,Central,443,26,4.3 %,19/165,0.22,118,7226
2018,Matt Davidson,White_Sox,Central,496,20,10.5 %,52/165,0.228,109,7226
2018,Matt Skole,White_Sox,Central,13,1,15.4 %,2/3,0.273,4,12119
2015,Melky Cabrera,White_Sox,Central,683,12,5.9 %,40/88,0.273,164,4022
2016,Melky Cabrera,White_Sox,Central,646,14,7.3 %,47/69,0.296,184,4022
2015,Micah Johnson,White_Sox,Central,114,0,7.9 %,9/30,0.23,13,13809
2016,Miguel Gonzalez,White_Sox,Central,1,0,0.0 %,0/1,0,0,7024
2017,Nicky Delmonico,White_Sox,Central,166,9,13.9 %,23/31,0.262,40,13157
2018,Nicky Delmonico,White_Sox,Central,318,8,8.5 %,27/80,0.215,83,13157
2016,Omar Narvaez,White_Sox,Central,117,1,12.0 %,14/14,0.267,28,13338
2017,Omar Narvaez,White_Sox,Central,295,2,12.9 %,38/45,0.277,59,13338
2018,Omar Narvaez,White_Sox,Central,322,9,11.8 %,38/65,0.275,62,13338
2018,Reynaldo Lopez,White_Sox,Central,1,0,0.0 %,0/1,0,0,16400
2015,Rob Brantly,White_Sox,Central,36,1,5.6 %,2/8,0.121,10,10655
2017,Rob Brantly,White_Sox,Central,36,2,8.3 %,3/14,0.29,7,10655
2018,Ryan Cordell,White_Sox,Central,40,1,0.0 %,0/15,0.108,14,15181
2017,Rymer Liriano,White_Sox,Central,46,1,10.9 %,5/14,0.22,6,4779
2016,Tim Anderson,White_Sox,Central,431,9,3.0 %,13/117,0.283,73,15172
2017,Tim Anderson,White_Sox,Central,606,17,2.1 %,13/162,0.257,118,15172
2018,Tim Anderson,White_Sox,Central,606,20,5.0 %,30/149,0.24,141,15172
2016,Todd Frazier,White_Sox,Central,666,40,9.6 %,64/163,0.225,211,785
2015,Trayce Thompson,White_Sox,Central,135,5,9.6 %,13/26,0.295,31,9952
2015,Tyler Flowers,White_Sox,Central,361,9,5.8 %,21/104,0.239,82,9134
2015,Tyler Saladino,White_Sox,Central,254,4,4.7 %,12/51,0.225,43,10807
2016,Tyler Saladino,White_Sox,Central,319,8,4.1 %,13/62,0.282,68,10807
2017,Tyler Saladino,White_Sox,Central,281,0,8.2 %,23/67,0.178,68,10807
2018,Welington Castillo,White_Sox,Central,181,6,5.0 %,9/46,0.259,47,3256
2017,Willy Garcia,White_Sox,Central,119,2,9.2 %,11/31,0.238,26,12956
2017,Yoan Moncada,White_Sox,Central,231,8,12.6 %,29/74,0.231,44,17232
2018,Yoan Moncada,White_Sox,Central,650,17,10.3 %,67/217,0.235,145,17232
2015,Yolmer Sanchez,White_Sox,Central,420,5,4.5 %,19/81,0.224,71,11602
2016,Yolmer Sanchez,White_Sox,Central,163,4,3.1 %,5/42,0.208,43,11602
2017,Yolmer Sanchez,White_Sox,Central,534,12,6.6 %,35/111,0.267,127,11602
2018,Yolmer Sanchez,White_Sox,Central,662,8,7.4 %,49/138,0.242,133,11602
2016,Aaron Sanchez,Blue_Jays,East,10,0,10.0 %,1/5,0,0,11490
2018,Aaron Sanchez,Blue_Jays,East,1,0,0.0 %,0/0,0,0,11490
2018,Aledmys Diaz,Blue_Jays,East,452,18,5.1 %,23/62,0.263,150,15937
2016,Andrew Burns,Blue_Jays,East,7,0,0.0 %,0/2,0,2,12779
2017,Anthony Alford,Blue_Jays,East,8,0,0.0 %,0/3,0.125,1,14329
2018,Anthony Alford,Blue_Jays,East,21,0,9.5 %,2/9,0.105,4,14329
2017,Chris Coghlan,Blue_Jays,East,88,1,10.2 %,9/22,0.2,18,6878
2015,Chris Colabello,Blue_Jays,East,360,15,6.1 %,22/96,0.321,64,13051
2016,Chris Colabello,Blue_Jays,East,32,0,6.3 %,2/9,0.069,6,13051
2015,Dalton Pompey,Blue_Jays,East,103,2,6.8 %,7/23,0.223,26,12797
2016,Dalton Pompey,Blue_Jays,East,2,0,0.0 %,0/1,0,0,12797
2018,Dalton Pompey,Blue_Jays,East,11,0,9.1 %,1/6,0.2,0,12797
2018,Danny Jansen,Blue_Jays,East,95,3,9.5 %,9/17,0.247,31,16535
2018,Darnell Sweeney,Blue_Jays,East,4,0,50.0 %,2/0,0,2,13284
2016,Darrell Ceciliani,Blue_Jays,East,29,0,3.4 %,1/14,0.111,6,9954
2017,Darrell Ceciliani,Blue_Jays,East,5,1,0.0 %,0/0,0.4,2,9954
2016,Darwin Barney,Blue_Jays,East,306,4,7.2 %,22/48,0.269,70,2430
2017,Darwin Barney,Blue_Jays,East,362,6,5.0 %,18/64,0.232,88,2430
2015,Devon Travis,Blue_Jays,East,238,8,7.6 %,18/43,0.304,50,13862
2016,Devon Travis,Blue_Jays,East,432,11,4.6 %,20/87,0.3,111,13862
2017,Devon Travis,Blue_Jays,East,197,5,3.6 %,7/38,0.259,54,13862
2018,Devon Travis,Blue_Jays,East,378,11,4.2 %,16/64,0.232,85,13862
2015,Dioner Navarro,Blue_Jays,East,192,5,8.9 %,17/29,0.246,60,3179
2017,Dwight Smith Jr.,Blue_Jays,East,29,0,3.4 %,1/10,0.37,4,13473
2018,Dwight Smith Jr.,Blue_Jays,East,75,2,9.3 %,7/13,0.262,21,13473
2015,Edwin Encarnacion,Blue_Jays,East,624,39,12.3 %,77/98,0.277,196,2151
2016,Edwin Encarnacion,Blue_Jays,East,702,42,12.4 %,87/138,0.263,195,2151
2015,Ezequiel Carrera,Blue_Jays,East,192,3,5.7 %,11/45,0.273,27,9048
2016,Ezequiel Carrera,Blue_Jays,East,310,6,8.7 %,27/70,0.248,48,9048
2017,Ezequiel Carrera,Blue_Jays,East,325,8,9.2 %,30/75,0.282,59,9048
2016,Gavin Floyd,Blue_Jays,East,1,0,0.0 %,0/0,0,0,3886
2018,Gift Ngoepe,Blue_Jays,East,19,0,5.3 %,1/12,0.056,1,10340
2018,Giovanny Urshela,Blue_Jays,East,46,1,4.3 %,2/10,0.233,15,10681
2017,Ian Parmley,Blue_Jays,East,4,0,0.0 %,0/1,0,0,13821
2016,J.A. Happ,Blue_Jays,East,10,0,0.0 %,0/3,0.286,1,7410
2017,J.A. Happ,Blue_Jays,East,2,0,0.0 %,0/1,0,0,7410
2018,Jake Petricka,Blue_Jays,East,1,0,0.0 %,0/1,0,0,10534
2017,Jarrod Saltalamacchia,Blue_Jays,East,26,0,3.8 %,1/16,0.04,5,5557
2017,Joe Biagini,Blue_Jays,East,3,0,0.0 %,0/0,0,0,13194
2018,Jon Berti,Blue_Jays,East,15,0,0.0 %,0/4,0.267,2,12037
2018,Jonathan Davis,Blue_Jays,East,27,0,3.7 %,1/6,0.2,2,15104
2015,Jonathan Diaz,Blue_Jays,East,16,0,6.3 %,1/3,0.154,0,4142
2015,Jose Bautista,Blue_Jays,East,666,40,16.5 %,110/106,0.25,217,1887
2016,Jose Bautista,Blue_Jays,East,517,22,16.8 %,87/103,0.234,135,1887
2017,Jose Bautista,Blue_Jays,East,686,23,12.2 %,84/170,0.203,194,1887
2015,Josh Donaldson,Blue_Jays,East,711,41,10.3 %,73/133,0.297,188,5038
2016,Josh Donaldson,Blue_Jays,East,700,37,15.6 %,109/119,0.284,187,5038
2017,Josh Donaldson,Blue_Jays,East,496,33,15.3 %,76/111,0.27,129,5038
2015,Josh Thole,Blue_Jays,East,52,0,5.8 %,3/9,0.204,12,9689
2016,Josh Thole,Blue_Jays,East,136,1,9.6 %,13/28,0.169,36,9689
2016,Junior Lake,Blue_Jays,East,39,1,10.3 %,4/11,0.2,2,4672
2015,Justin Smoak,Blue_Jays,East,328,18,8.8 %,29/86,0.226,71,9054
2016,Justin Smoak,Blue_Jays,East,341,14,11.7 %,40/112,0.217,79,9054
2017,Justin Smoak,Blue_Jays,East,637,38,11.5 %,73/128,0.27,193,9054
2018,Justin Smoak,Blue_Jays,East,594,25,14.0 %,83/156,0.242,150,9054
2017,Kendrys Morales,Blue_Jays,East,608,28,7.1 %,43/132,0.25,142,8610
2018,Kendrys Morales,Blue_Jays,East,471,21,10.6 %,50/95,0.249,117,8610
2015,Kevin Pillar,Blue_Jays,East,628,12,4.5 %,28/85,0.278,181,12434
2016,Kevin Pillar,Blue_Jays,East,584,7,4.1 %,24/90,0.266,154,12434
2017,Kevin Pillar,Blue_Jays,East,632,16,5.2 %,33/95,0.256,180,12434
2018,Kevin Pillar,Blue_Jays,East,542,15,3.3 %,18/98,0.252,158,12434
2015,Liam Hendriks,Blue_Jays,East,1,0,100.0 %,1/0,0,0,3548
2018,Lourdes Gurriel Jr.,Blue_Jays,East,263,11,3.4 %,9/59,0.281,63,19238
2017,Luke Maile,Blue_Jays,East,136,2,2.2 %,3/35,0.146,38,13355
2018,Luke Maile,Blue_Jays,East,231,3,10.8 %,25/67,0.248,47,13355
2015,Marco Estrada,Blue_Jays,East,6,0,0.0 %,0/2,0.333,1,1118
2016,Marco Estrada,Blue_Jays,East,5,0,0.0 %,0/3,0,1,1118
2017,Marco Estrada,Blue_Jays,East,4,0,0.0 %,0/3,0,0,1118
2018,Marco Estrada,Blue_Jays,East,1,0,0.0 %,0/1,0,0,1118
2016,Marcus Stroman,Blue_Jays,East,6,0,0.0 %,0/0,0,2,13431
2017,Marcus Stroman,Blue_Jays,East,7,1,0.0 %,0/4,0.286,1,13431
2018,Marcus Stroman,Blue_Jays,East,3,0,0.0 %,0/1,0.333,0,13431
2015,Mark Buehrle,Blue_Jays,East,9,0,11.1 %,1/3,0.143,0,225
2017,Mat Latos,Blue_Jays,East,3,0,0.0 %,0/0,0,1,3815
2016,Matt Dominguez,Blue_Jays,East,12,0,8.3 %,1/3,0,4,4903
2015,Matt Hague,Blue_Jays,East,15,0,13.3 %,2/4,0.25,3,7772
2015,Michael Saunders,Blue_Jays,East,36,0,13.9 %,5/10,0.194,2,9981
2016,Michael Saunders,Blue_Jays,East,558,24,10.6 %,59/157,0.253,123,9981
2017,Mike Ohlman,Blue_Jays,East,13,0,0.0 %,0/3,0.231,3,10347
2015,Munenori Kawasaki,Blue_Jays,East,34,0,11.8 %,4/6,0.214,6,13047
2015,R.A. Dickey,Blue_Jays,East,4,0,0.0 %,0/1,0,1,1245
2016,R.A. Dickey,Blue_Jays,East,1,0,0.0 %,0/1,0,0,1245
2017,Raffy Lopez,Blue_Jays,East,63,4,11.1 %,7/21,0.222,17,12606
2018,Randal Grichuk,Blue_Jays,East,462,25,5.8 %,27/122,0.245,142,10243
2018,Reese McGuire,Blue_Jays,East,33,2,6.1 %,2/9,0.29,8,15674
2017,Richard Urena,Blue_Jays,East,75,1,8.0 %,6/28,0.206,9,16411
2018,Richard Urena,Blue_Jays,East,108,1,6.5 %,7/32,0.293,20,16411
2018,Rowdy Tellez,Blue_Jays,East,73,4,2.7 %,2/21,0.314,18,15679
2015,Russell Martin,Blue_Jays,East,507,23,10.5 %,53/106,0.24,111,4616
2016,Russell Martin,Blue_Jays,East,535,20,12.0 %,64/148,0.231,111,4616
2017,Russell Martin,Blue_Jays,East,365,13,13.7 %,50/83,0.221,63,4616
2018,Russell Martin,Blue_Jays,East,352,10,15.9 %,56/82,0.194,72,4616
2015,Ryan Goins,Blue_Jays,East,428,5,9.1 %,39/83,0.25,82,9807
2016,Ryan Goins,Blue_Jays,East,196,3,4.6 %,9/48,0.186,47,9807
2017,Ryan Goins,Blue_Jays,East,459,9,6.8 %,31/96,0.237,112,9807
2017,Ryan Tepera,Blue_Jays,East,1,0,0.0 %,0/1,0,0,10291
2018,Sam Gaviglio,Blue_Jays,East,3,0,0.0 %,0/1,0.333,0,12778
2015,Scott Copeland,Blue_Jays,East,1,0,0.0 %,0/1,0,0,10706
2018,Sean Reid-Foley,Blue_Jays,East,3,0,0.0 %,0/3,0,0,17034
2017,Steve Pearce,Blue_Jays,East,348,13,7.8 %,27/68,0.252,94,9957
2015,Steve Tolleson,Blue_Jays,East,45,0,8.9 %,4/9,0.268,7,4450
2018,Teoscar Hernandez,Blue_Jays,East,523,22,7.8 %,41/163,0.239,138,13066
2016,Troy Tulowitzki,Blue_Jays,East,544,24,7.9 %,43/101,0.254,159,3531
2017,Troy Tulowitzki,Blue_Jays,East,260,7,6.5 %,17/40,0.249,67,3531
2018,Yangervis Solarte,Blue_Jays,East,506,17,6.1 %,31/72,0.226,146,5352
2015,Adam Jones,Orioles,East,581,27,4.1 %,24/102,0.269,161,6368
2016,Adam Jones,Orioles,East,672,29,5.8 %,39/115,0.265,206,6368
2017,Adam Jones,Orioles,East,635,26,4.3 %,27/113,0.285,166,6368
2018,Adam Jones,Orioles,East,613,15,3.9 %,24/93,0.281,178,6368
2017,Alec Asher,Orioles,East,1,0,0.0 %,0/0,0,1,13560
2018,Alex Cobb,Orioles,East,7,0,0.0 %,0/2,0.167,0,6562
2018,Andrew Cashner,Orioles,East,3,0,0.0 %,0/1,0,0,8782
2018,Andrew Susac,Orioles,East,26,0,0.0 %,0/12,0.115,8,13132
2017,Anthony Santander,Orioles,East,31,0,0.0 %,0/8,0.267,10,14551
2018,Anthony Santander,Orioles,East,108,1,5.6 %,6/21,0.198,32,14551
2017,Austin Hays,Orioles,East,63,1,3.2 %,2/16,0.217,13,19363
2018,Austin Wynns,Orioles,East,118,4,4.2 %,5/25,0.255,24,15271
2015,Caleb Joseph,Orioles,East,355,11,7.6 %,27/72,0.234,107,7087
2016,Caleb Joseph,Orioles,East,141,0,5.0 %,7/28,0.174,41,7087
2017,Caleb Joseph,Orioles,East,266,8,3.8 %,10/72,0.256,54,7087
2018,Caleb Joseph,Orioles,East,280,3,3.6 %,10/68,0.219,76,7087
2018,Cedric Mullins II,Orioles,East,191,4,8.9 %,17/37,0.235,46,17929
2017,Chance Sisco,Orioles,East,22,2,13.6 %,3/7,0.333,4,15694
2018,Chance Sisco,Orioles,East,184,2,7.1 %,13/66,0.181,37,15694
2015,Chris Davis,Orioles,East,670,47,12.5 %,84/208,0.262,160,9272
2016,Chris Davis,Orioles,East,665,38,13.2 %,88/219,0.221,152,9272
2017,Chris Davis,Orioles,East,524,26,11.6 %,61/195,0.215,105,9272
2018,Chris Davis,Orioles,East,522,16,7.9 %,41/192,0.168,110,9272
2015,Chris Parmelee,Orioles,East,102,4,3.9 %,4/26,0.216,41,2554
2015,Chris Tillman,Orioles,East,2,0,0.0 %,0/2,0,0,5279
2016,Chris Tillman,Orioles,East,3,0,0.0 %,0/2,0,0,5279
2015,Christian Walker,Orioles,East,12,0,25.0 %,3/4,0.111,0,13419
2018,Colby Rasmus,Orioles,East,49,1,6.1 %,3/19,0.133,12,9893
2018,Corban Joseph,Orioles,East,19,0,5.3 %,1/5,0.222,6,5503
2017,Craig Gentry,Orioles,East,117,2,9.4 %,11/24,0.257,20,9571
2018,Craig Gentry,Orioles,East,169,1,6.5 %,11/31,0.269,32,9571
2018,D.J. Stewart,Orioles,East,47,3,8.5 %,4/12,0.25,15,17766
2018,Danny Valencia,Orioles,East,282,9,7.8 %,22/53,0.263,67,6364
2015,Dariel Alvarez,Orioles,East,31,1,6.5 %,2/8,0.241,8,15580
2016,Dariel Alvarez,Orioles,East,4,0,25.0 %,1/0,0.333,1,15580
2018,David Hess,Orioles,East,3,0,33.3 %,1/0,0,0,16130
2015,David Lough,Orioles,East,144,4,3.5 %,5/36,0.201,36,7215
2017,David Washington,Orioles,East,6,0,0.0 %,0/5,0,0,12110
2015,Delmon Young,Orioles,East,180,2,2.2 %,4/29,0.27,48,2140
2016,Donnie Hart,Orioles,East,1,0,0.0 %,0/1,0,0,15306
2016,Dylan Bundy,Orioles,East,3,0,0.0 %,0/2,0,0,12917
2018,Dylan Bundy,Orioles,East,5,0,0.0 %,0/2,0.2,0,12917
2018,Engelb Vielma,Orioles,East,8,0,12.5 %,1/4,0.143,0,15481
2015,Everth Cabrera,Orioles,East,105,0,4.8 %,5/22,0.208,10,8155
2016,Francisco Pena,Orioles,East,43,1,4.7 %,2/14,0.2,10,8298
2017,Francisco Pena,Orioles,East,10,2,0.0 %,0/3,0.5,2,8298
2017,Gabriel Ynoa,Orioles,East,1,0,0.0 %,0/0,0,0,12938
2015,Henry Urrutia,Orioles,East,36,1,5.6 %,2/3,0.265,9,14441
2016,Hyun Soo Kim,Orioles,East,346,6,10.4 %,36/51,0.302,68,18718
2015,J.J. Hardy,Orioles,East,437,8,4.6 %,20/88,0.219,108,3797
2016,J.J. Hardy,Orioles,East,438,9,5.9 %,26/68,0.269,124,3797
2017,J.J. Hardy,Orioles,East,268,4,4.5 %,12/48,0.217,76,3797
2015,Jason Garcia,Orioles,East,1,0,100.0 %,1/0,0,0,12143
2017,Jayson Aquino,Orioles,East,2,0,0.0 %,0/2,0,0,13150
2015,Jimmy Paredes,Orioles,East,384,10,4.9 %,19/111,0.275,70,5481
2017,Jimmy Yacabonis,Orioles,East,2,0,0.0 %,0/1,0,0,15157
2016,Joey Rickard,Orioles,East,282,5,6.4 %,18/54,0.268,74,13277
2017,Joey Rickard,Orioles,East,277,4,3.2 %,9/63,0.241,73,13277
2018,Joey Rickard,Orioles,East,230,8,6.5 %,15/55,0.244,67,13277
2017,Johnny Giavotella,Orioles,East,10,0,0.0 %,0/4,0.1,3,6740
2015,Jonathan Schoop,Orioles,East,321,15,2.8 %,9/79,0.279,86,11265
2016,Jonathan Schoop,Orioles,East,647,25,3.2 %,21/137,0.267,168,11265
2017,Jonathan Schoop,Orioles,East,675,32,5.2 %,35/142,0.293,181,11265
2016,Julio Borbon,Orioles,East,15,0,0.0 %,0/3,0.308,2,3209
2016,Kevin Gausman,Orioles,East,3,0,33.3 %,1/2,0,0,14107
2017,Kevin Gausman,Orioles,East,2,0,0.0 %,0/1,0,0,14107
2018,Luis Sardinas,Orioles,East,20,1,10.0 %,2/5,0.111,4,13153
2015,Manny Machado,Orioles,East,713,35,9.8 %,70/111,0.286,199,11493
2016,Manny Machado,Orioles,East,696,37,6.9 %,48/120,0.294,224,11493
2017,Manny Machado,Orioles,East,690,33,7.2 %,50/115,0.259,219,11493
2016,Mark Trumbo,Orioles,East,667,47,7.6 %,51/170,0.256,191,6876
2017,Mark Trumbo,Orioles,East,603,23,7.0 %,42/149,0.234,167,6876
2018,Mark Trumbo,Orioles,East,358,17,6.7 %,24/87,0.261,85,6876
2015,Matt Wieters,Orioles,East,282,8,7.4 %,21/67,0.267,62,4298
2016,Matt Wieters,Orioles,East,464,17,6.9 %,32/85,0.243,134,4298
2015,Miguel Gonzalez,Orioles,East,1,0,0.0 %,0/0,0,0,7024
2015,Mike Wright,Orioles,East,3,0,0.0 %,0/1,0.5,0,12586
2018,Mike Wright,Orioles,East,1,0,0.0 %,0/0,0,0,12586
2016,Mychal Givens,Orioles,East,2,0,0.0 %,0/1,0,0,10430
2015,Nolan Reimold,Orioles,East,195,6,11.8 %,23/47,0.247,43,3441
2016,Nolan Reimold,Orioles,East,227,6,9.7 %,22/62,0.222,50,3441
2016,Oliver Drake,Orioles,East,1,0,0.0 %,0/1,0,0,8823
2015,Paul Janish,Orioles,East,36,0,0.0 %,0/3,0.286,10,7412
2016,Paul Janish,Orioles,East,35,0,8.6 %,3/3,0.194,10,7412
2017,Paul Janish,Orioles,East,28,0,3.6 %,1/6,0.077,7,7412
2016,Pedro Alvarez,Orioles,East,376,22,9.8 %,37/97,0.249,88,2495
2017,Pedro Alvarez,Orioles,East,34,1,5.9 %,2/10,0.313,7,2495
2018,Pedro Alvarez,Orioles,East,127,8,12.6 %,16/36,0.18,35,2495
2015,Reynaldo Navarro,Orioles,East,30,1,0.0 %,0/3,0.276,16,6008
2017,Ruben Tejada,Orioles,East,124,0,6.5 %,8/15,0.23,38,5519
2015,Ryan Flaherty,Orioles,East,301,9,8.6 %,26/81,0.202,67,7888
2016,Ryan Flaherty,Orioles,East,176,3,9.7 %,17/48,0.217,29,7888
2017,Ryan Flaherty,Orioles,East,43,0,9.3 %,4/10,0.211,9,7888
2017,Seth Smith,Orioles,East,373,13,9.7 %,36/79,0.258,85,7331
2015,Steve Clevenger,Orioles,East,105,2,3.8 %,4/13,0.287,28,9542
2015,Steve Pearce,Orioles,East,325,15,7.1 %,23/69,0.218,105,9957
2018,Steve Wilkerson,Orioles,East,49,0,6.1 %,3/16,0.174,11,16041
2018,Tim Beckham,Orioles,East,402,12,6.7 %,27/100,0.23,89,7949
2016,Trey Mancini,Orioles,East,15,3,0.0 %,0/4,0.357,4,15149
2017,Trey Mancini,Orioles,East,586,24,5.6 %,33/139,0.293,121,15149
2018,Trey Mancini,Orioles,East,636,24,6.9 %,44/153,0.242,115,15149
2015,Tyler Wilson,Orioles,East,3,0,0.0 %,0/0,0,0,12691
2015,Ubaldo Jimenez,Orioles,East,8,0,0.0 %,0/4,0.25,0,3374
2016,Ubaldo Jimenez,Orioles,East,4,0,0.0 %,0/1,0,1,3374
2017,Ubaldo Jimenez,Orioles,East,5,0,0.0 %,0/3,0.2,0,3374
2017,Vidal Nuno,Orioles,East,1,0,0.0 %,0/0,0,0,9674
2017,Wade Miley,Orioles,East,4,0,0.0 %,0/1,0.25,0,8779
2017,Welington Castillo,Orioles,East,365,20,6.0 %,22/97,0.282,89,3256
2018,Yefry Ramirez,Orioles,East,2,0,0.0 %,0/1,0,1,15655
2016,Yovani Gallardo,Orioles,East,6,0,16.7 %,1/1,0.5,1,8173
2018,Adam Moore,Rays,East,20,1,5.0 %,1/7,0.222,4,9362
2017,Alex Cobb,Rays,East,6,0,0.0 %,0/4,0,1,6562
2015,Allan Dykstra,Rays,East,38,1,15.8 %,6/12,0.129,6,9113
2018,Andrew Kittredge,Rays,East,1,0,0.0 %,0/1,0,0,12828
2018,Andrew Velazquez,Rays,East,12,0,8.3 %,1/3,0.3,3,14196
2015,Asdrubal Cabrera,Rays,East,551,15,6.5 %,36/107,0.265,173,4962
2016,Blake Snell,Rays,East,3,0,33.3 %,1/1,0,0,13543
2017,Blake Snell,Rays,East,7,0,14.3 %,1/1,0,0,13543
2018,Blake Snell,Rays,East,3,0,33.3 %,1/1,0,0,13543
2016,Brad Miller,Rays,East,601,30,7.8 %,47/149,0.243,147,12775
2017,Brad Miller,Rays,East,407,9,15.5 %,63/110,0.201,83,12775
2015,Brandon Guyer,Rays,East,385,8,6.5 %,25/61,0.265,93,2636
2018,Brandon Lowe,Rays,East,148,6,10.8 %,16/38,0.233,32,18882
2018,Brandon Snyder,Rays,East,6,0,0.0 %,0/2,0.167,1,9856
2018,C.J. Cron,Rays,East,560,30,6.6 %,37/145,0.253,140,12546
2018,Carlos Gomez,Rays,East,408,9,6.1 %,25/103,0.208,114,4881
2015,Chris Archer,Rays,East,5,0,0.0 %,0/3,0,0,6345
2016,Chris Archer,Rays,East,8,0,12.5 %,1/3,0,1,6345
2017,Chris Archer,Rays,East,8,0,0.0 %,0/3,0.25,0,6345
2018,Christian Arroyo,Rays,East,59,1,10.2 %,6/16,0.264,6,16434
2017,Colby Rasmus,Rays,East,129,9,5.4 %,7/45,0.281,32,9893
2016,Corey Dickerson,Rays,East,548,24,6.0 %,33/134,0.245,170,10762
2017,Corey Dickerson,Rays,East,629,27,5.6 %,35/152,0.282,157,10762
2015,Curt Casali,Rays,East,113,10,7.1 %,8/34,0.238,31,12510
2016,Curt Casali,Rays,East,256,8,9.8 %,25/82,0.186,63,12510
2017,Curt Casali,Rays,East,13,1,23.1 %,3/3,0.333,4,12510
2017,Daniel Robertson,Rays,East,254,5,11.4 %,29/73,0.206,53,14145
2018,Daniel Robertson,Rays,East,340,9,12.6 %,43/77,0.262,63,14145
2017,Derek Norris,Rays,East,198,9,6.1 %,12/48,0.201,64,6867
2015,Desmond Jennings,Rays,East,108,1,7.4 %,8/17,0.268,20,1965
2016,Desmond Jennings,Rays,East,225,7,9.3 %,21/58,0.2,52,1965
2018,Diego Castillo,Rays,East,1,0,0.0 %,0/1,0,0,17496
2016,Drew Smyly,Rays,East,2,0,0.0 %,0/0,0,1,11760
2015,Erasmo Ramirez,Rays,East,2,0,0.0 %,0/2,0,0,10314
2015,Evan Longoria,Rays,East,670,21,7.6 %,51/132,0.27,194,9368
2016,Evan Longoria,Rays,East,685,36,6.1 %,42/144,0.273,232,9368
2017,Evan Longoria,Rays,East,677,20,6.8 %,46/109,0.261,190,9368
2016,Hank Conger,Rays,East,137,3,8.8 %,12/40,0.194,32,2505
2015,J.P. Arencibia,Rays,East,73,6,1.4 %,1/22,0.31,21,697
2016,Jaff Decker,Rays,East,57,0,7.0 %,4/14,0.154,12,7945
2018,Jake Bauers,Rays,East,388,11,13.9 %,54/104,0.201,80,15194
2015,Jake Elmore,Rays,East,158,2,7.6 %,12/25,0.206,38,7290
2015,Jake Odorizzi,Rays,East,4,0,0.0 %,0/2,0,0,6397
2016,Jake Odorizzi,Rays,East,4,0,0.0 %,0/1,0.25,0,6397
2017,Jake Odorizzi,Rays,East,4,0,0.0 %,0/0,0.333,0,6397
2015,James Loney,Rays,East,388,4,5.9 %,23/34,0.28,109,4556
2017,Jesus Sucre,Rays,East,192,7,3.6 %,7/35,0.256,56,5942
2018,Jesus Sucre,Rays,East,198,1,4.5 %,9/29,0.209,54,5942
2015,Joey Butler,Rays,East,276,8,5.8 %,16/82,0.276,36,7799
2018,Joey Wendle,Rays,East,545,7,6.8 %,37/96,0.3,129,13853
2015,John Jaso,Rays,East,216,5,13.0 %,28/39,0.286,38,5887
2016,Juniel Querecuto,Rays,East,11,0,0.0 %,0/6,0.091,3,12140
2018,Justin Williams,Rays,East,1,0,0.0 %,0/0,0,0,15490
2015,Kevin Kiermaier,Rays,East,535,10,4.5 %,24/95,0.263,119,11038
2016,Kevin Kiermaier,Rays,East,414,12,9.7 %,40/74,0.246,108,11038
2017,Kevin Kiermaier,Rays,East,421,15,7.4 %,31/99,0.276,90,11038
2018,Kevin Kiermaier,Rays,East,367,7,6.8 %,25/91,0.217,73,11038
2015,Logan Forsythe,Rays,East,615,17,8.9 %,55/111,0.281,176,7185
2016,Logan Forsythe,Rays,East,567,20,8.1 %,46/127,0.264,136,7185
2016,Logan Morrison,Rays,East,398,14,9.3 %,37/89,0.238,92,9205
2017,Logan Morrison,Rays,East,601,38,13.5 %,81/149,0.246,169,9205
2015,Luke Maile,Rays,East,35,0,0.0 %,0/8,0.171,11,13355
2016,Luke Maile,Rays,East,126,3,3.2 %,4/36,0.227,32,13355
2017,Mallex Smith,Rays,East,282,2,8.2 %,23/62,0.27,49,13608
2018,Mallex Smith,Rays,East,544,2,8.6 %,47/98,0.296,95,13608
2015,Matt Andriese,Rays,East,1,0,0.0 %,0/0,0,0,12022
2016,Matt Andriese,Rays,East,1,0,0.0 %,0/0,0,0,12022
2018,Matt Duffy,Rays,East,560,4,8.4 %,47/93,0.294,84,13836
2015,Matt Moore,Rays,East,2,0,0.0 %,0/0,0,0,1890
2018,Michael Perez,Rays,East,80,1,3.8 %,3/19,0.284,24,12977
2015,Mikie Mahtook,Rays,East,115,9,5.2 %,6/31,0.295,32,13130
2016,Mikie Mahtook,Rays,East,196,3,3.6 %,7/68,0.195,56,13130
2015,Nathan Karns,Rays,East,5,1,0.0 %,0/3,0.25,1,12638
2018,Nick Ciuffo,Rays,East,44,1,6.8 %,3/12,0.189,10,16291
2015,Nick Franklin,Rays,East,109,3,6.4 %,7/37,0.158,28,10166
2016,Nick Franklin,Rays,East,191,6,6.3 %,12/42,0.27,57,10166
2017,Peter Bourjos,Rays,East,203,5,5.9 %,12/53,0.223,48,2578
2015,Rene Rivera,Rays,East,319,5,3.4 %,11/86,0.178,96,3648
2015,Richie Shaffer,Rays,East,88,4,11.4 %,10/32,0.189,21,13271
2016,Richie Shaffer,Rays,East,54,1,9.3 %,5/18,0.25,13,13271
2017,Rickie Weeks Jr.,Rays,East,112,2,10.7 %,12/49,0.216,19,1849
2018,Rob Refsnyder,Rays,East,103,2,17.5 %,18/26,0.167,20,13770
2015,Ronald Belisario,Rays,East,1,0,0.0 %,0/0,0,0,2203
2015,Ryan Brett,Rays,East,4,0,25.0 %,1/0,0.667,2,12138
2018,Ryan Weber,Rays,East,1,0,0.0 %,0/1,0,0,10160
2018,Ryan Yarbrough,Rays,East,3,0,0.0 %,0/2,0,0,16502
2018,Sergio Romo,Rays,East,1,0,0.0 %,0/1,0,0,9817
2017,Shane Peterson,Rays,East,88,2,5.7 %,5/21,0.253,23,7423
2015,Steven Souza Jr.,Rays,East,426,16,10.8 %,46/144,0.225,78,5667
2016,Steven Souza Jr.,Rays,East,468,17,6.6 %,31/159,0.247,92,5667
2017,Steven Souza Jr.,Rays,East,617,30,13.6 %,84/179,0.239,117,5667
2017,Taylor Featherston,Rays,East,47,2,10.6 %,5/15,0.179,13,12590
2016,Taylor Motter,Rays,East,93,2,11.8 %,11/19,0.188,23,12399
2015,Tim Beckham,Rays,East,223,9,5.8 %,13/69,0.222,42,7949
2016,Tim Beckham,Rays,East,215,5,6.5 %,14/67,0.247,47,7949
2018,Vidal Nuno,Rays,East,2,0,0.0 %,0/0,1,0,9674
2018,Willy Adames,Rays,East,323,10,9.6 %,31/95,0.278,59,15986
2017,Wilson Ramos,Rays,East,224,11,4.5 %,10/36,0.26,53,1433
2018,Yonny Chirinos,Rays,East,1,0,0.0 %,0/1,0,0,16401
2015,Allen Craig,Red_Sox,East,88,1,8.0 %,7/26,0.152,14,3433
2016,Andrew Benintendi,Red_Sox,East,118,2,8.5 %,10/25,0.295,31,17901
2017,Andrew Benintendi,Red_Sox,East,658,20,10.6 %,70/112,0.271,179,17901
2018,Andrew Benintendi,Red_Sox,East,661,16,10.7 %,71/106,0.29,170,17901
2015,Blake Swihart,Red_Sox,East,309,5,5.8 %,18/77,0.274,58,13176
2016,Blake Swihart,Red_Sox,East,74,0,14.9 %,11/17,0.258,15,13176
2017,Blake Swihart,Red_Sox,East,7,0,28.6 %,2/3,0.2,1,13176
2018,Blake Swihart,Red_Sox,East,207,3,7.2 %,15/57,0.229,51,13176
2018,Brandon Phillips,Red_Sox,East,27,1,14.8 %,4/7,0.13,4,791
2017,Brian Johnson,Red_Sox,East,2,0,0.0 %,0/0,0,0,14272
2018,Brian Johnson,Red_Sox,East,4,0,0.0 %,0/1,0.25,0,14272
2015,Brock Holt,Red_Sox,East,509,2,9.0 %,46/97,0.28,84,9345
2016,Brock Holt,Red_Sox,East,324,7,8.3 %,27/58,0.255,51,9345
2017,Brock Holt,Red_Sox,East,164,0,11.6 %,19/34,0.2,25,9345
2018,Brock Holt,Red_Sox,East,367,7,10.1 %,37/73,0.277,61,9345
2016,Bryce Brentz,Red_Sox,East,64,1,4.7 %,3/17,0.279,9,10607
2017,Chris Sale,Red_Sox,East,3,0,0.0 %,0/1,0.333,1,10603
2018,Chris Sale,Red_Sox,East,2,0,0.0 %,0/2,0,0,10603
2016,Chris Young,Red_Sox,East,227,9,9.3 %,21/50,0.276,76,3882
2017,Chris Young,Red_Sox,East,276,7,10.9 %,30/55,0.235,86,3882
2016,Christian Vazquez,Red_Sox,East,184,1,5.4 %,10/39,0.227,20,9774
2017,Christian Vazquez,Red_Sox,East,345,5,4.9 %,17/64,0.29,73,9774
2018,Christian Vazquez,Red_Sox,East,269,3,4.8 %,13/41,0.207,76,9774
2015,Clay Buchholz,Red_Sox,East,6,0,0.0 %,0/2,0,1,3543
2016,Clay Buchholz,Red_Sox,East,3,0,33.3 %,1/2,0,0,3543
2018,Dan Butler,Red_Sox,East,7,0,0.0 %,0/2,0.167,2,9968
2015,David Ortiz,Red_Sox,East,614,37,12.5 %,77/95,0.273,181,745
2016,David Ortiz,Red_Sox,East,626,38,12.8 %,80/86,0.315,206,745
2016,David Price,Red_Sox,East,11,0,9.1 %,1/8,0,0,3184
2017,David Price,Red_Sox,East,1,0,0.0 %,0/0,1,0,3184
2015,Deven Marrero,Red_Sox,East,56,1,5.4 %,3/19,0.226,7,13325
2016,Deven Marrero,Red_Sox,East,14,0,14.3 %,2/5,0.083,2,13325
2017,Deven Marrero,Red_Sox,East,188,4,6.4 %,12/61,0.211,26,13325
2017,Doug Fister,Red_Sox,East,2,0,0.0 %,0/0,0,0,9425
2017,Drew Pomeranz,Red_Sox,East,1,0,0.0 %,0/1,0,0,11426
2015,Dustin Pedroia,Red_Sox,East,425,12,8.9 %,38/51,0.291,106,8370
2016,Dustin Pedroia,Red_Sox,East,698,15,8.7 %,61/73,0.318,151,8370
2017,Dustin Pedroia,Red_Sox,East,463,7,10.6 %,49/48,0.293,104,8370
2018,Dustin Pedroia,Red_Sox,East,13,0,15.4 %,2/1,0.091,3,8370
2018,Eduardo Nunez,Red_Sox,East,502,10,3.2 %,16/69,0.265,134,6848
2015,Eduardo Rodriguez,Red_Sox,East,3,0,0.0 %,0/2,0,0,13164
2016,Eduardo Rodriguez,Red_Sox,East,2,0,0.0 %,0/2,0,0,13164
2017,Eduardo Rodriguez,Red_Sox,East,7,0,0.0 %,0/2,0,1,13164
2018,Eduardo Rodriguez,Red_Sox,East,2,0,0.0 %,0/1,0,0,13164
2015,Garin Cecchini,Red_Sox,East,4,0,0.0 %,0/3,0,1,11608
2015,Hanley Ramirez,Red_Sox,East,430,19,4.9 %,21/71,0.249,99,8001
2016,Hanley Ramirez,Red_Sox,East,620,30,9.7 %,60/120,0.286,142,8001
2017,Hanley Ramirez,Red_Sox,East,553,23,9.2 %,51/116,0.242,141,8001
2018,Hanley Ramirez,Red_Sox,East,195,6,7.2 %,14/35,0.254,49,8001
2018,Heath Hembree,Red_Sox,East,1,0,0.0 %,0/1,0,0,11632
2017,Hector Velazquez,Red_Sox,East,1,0,0.0 %,0/0,0,0,19341
2018,Hector Velazquez,Red_Sox,East,1,0,0.0 %,0/0,0,0,19341
2015,Henry Owens,Red_Sox,East,2,0,0.0 %,0/2,0,0,13143
2018,J.D. Martinez,Red_Sox,East,649,43,10.6 %,69/146,0.33,146,6184
2015,Jackie Bradley Jr.,Red_Sox,East,255,10,10.6 %,27/69,0.249,56,12984
2016,Jackie Bradley Jr.,Red_Sox,East,636,26,9.9 %,63/143,0.267,144,12984
2017,Jackie Bradley Jr.,Red_Sox,East,541,17,8.9 %,48/124,0.245,117,12984
2018,Jackie Bradley Jr.,Red_Sox,East,535,13,8.6 %,46/137,0.234,123,12984
2015,Jeff Bianchi,Red_Sox,East,2,0,0.0 %,0/0,0,0,9958
2015,Jemile Weeks,Red_Sox,East,9,0,0.0 %,0/2,0.333,2,2498
2015,Joe Kelly,Red_Sox,East,5,0,0.0 %,0/2,0.2,0,9761
2015,Josh Rutledge,Red_Sox,East,85,1,5.9 %,5/26,0.284,15,11167
2016,Josh Rutledge,Red_Sox,East,56,0,10.7 %,6/19,0.265,9,11167
2017,Josh Rutledge,Red_Sox,East,118,0,7.6 %,9/31,0.224,17,11167
2015,Justin Masterson,Red_Sox,East,3,0,0.0 %,0/1,0.667,0,2038
2017,Kyle Kendrick,Red_Sox,East,2,0,0.0 %,0/1,0,0,6230
2016,Marco Hernandez,Red_Sox,East,56,1,8.9 %,5/10,0.294,8,13154
2017,Marco Hernandez,Red_Sox,East,60,0,1.7 %,1/15,0.276,9,13154
2016,Mike Miller,Red_Sox,East,1,0,0.0 %,0/0,0,0,13891
2017,Mitch Moreland,Red_Sox,East,576,22,9.9 %,57/120,0.246,142,3086
2018,Mitch Moreland,Red_Sox,East,459,15,10.9 %,50/102,0.245,114,3086
2015,Mookie Betts,Red_Sox,East,654,18,7.0 %,46/82,0.291,220,13611
2016,Mookie Betts,Red_Sox,East,730,31,6.7 %,49/80,0.318,235,13611
2017,Mookie Betts,Red_Sox,East,712,24,10.8 %,77/79,0.264,237,13611
2018,Mookie Betts,Red_Sox,East,614,32,13.2 %,81/91,0.346,195,13611
2015,Pablo Sandoval,Red_Sox,East,505,10,5.0 %,25/73,0.245,129,5409
2016,Pablo Sandoval,Red_Sox,East,7,0,14.3 %,1/4,0,2,5409
2017,Rafael Devers,Red_Sox,East,240,10,7.5 %,18/57,0.284,58,17350
2018,Rafael Devers,Red_Sox,East,490,21,7.8 %,38/121,0.24,127,17350
2015,Rick Porcello,Red_Sox,East,2,0,0.0 %,0/2,0,0,2717
2016,Rick Porcello,Red_Sox,East,5,0,0.0 %,0/1,0.2,0,2717
2017,Rick Porcello,Red_Sox,East,4,0,0.0 %,0/3,0,0,2717
2018,Rick Porcello,Red_Sox,East,7,0,0.0 %,0/3,0.429,2,2717
2015,Rusney Castillo,Red_Sox,East,289,5,4.5 %,13/54,0.253,51,17016
2016,Rusney Castillo,Red_Sox,East,8,0,0.0 %,0/3,0.25,2,17016
2015,Ryan Hanigan,Red_Sox,East,201,2,10.0 %,20/39,0.247,32,4952
2016,Ryan Hanigan,Red_Sox,East,113,1,6.2 %,7/27,0.171,20,4952
2016,Ryan LaMarre,Red_Sox,East,6,0,16.7 %,1/2,0,0,10700
2017,Sam Travis,Red_Sox,East,83,0,7.2 %,6/23,0.263,17,16263
2018,Sam Travis,Red_Sox,East,38,1,5.3 %,2/10,0.222,7,16263
2015,Sandy Leon,Red_Sox,East,128,0,5.5 %,7/28,0.184,31,5273
2016,Sandy Leon,Red_Sox,East,283,7,8.1 %,23/66,0.31,58,5273
2017,Sandy Leon,Red_Sox,East,301,7,8.3 %,25/74,0.225,75,5273
2018,Sandy Leon,Red_Sox,East,288,5,5.2 %,15/75,0.177,78,5273
2017,Steve Selsky,Red_Sox,East,9,0,0.0 %,0/5,0.111,1,12957
2015,Steven Wright,Red_Sox,East,2,0,0.0 %,0/0,0,0,8185
2016,Steven Wright,Red_Sox,East,4,0,0.0 %,0/3,0,0,8185
2015,Travis Shaw,Red_Sox,East,248,13,7.3 %,18/57,0.27,73,11982
2016,Travis Shaw,Red_Sox,East,530,16,8.1 %,43/133,0.242,156,11982
2017,Tzu-Wei Lin,Red_Sox,East,66,0,13.6 %,9/17,0.268,12,14678
2018,Tzu-Wei Lin,Red_Sox,East,73,1,11.0 %,8/17,0.246,14,14678
2015,Wade Miley,Red_Sox,East,2,0,0.0 %,0/0,0,0,8779
2015,Xander Bogaerts,Red_Sox,East,654,7,4.9 %,32/101,0.32,132,12161
2016,Xander Bogaerts,Red_Sox,East,719,21,8.1 %,58/123,0.294,185,12161
2017,Xander Bogaerts,Red_Sox,East,635,10,8.8 %,56/116,0.273,139,12161
2018,Xander Bogaerts,Red_Sox,East,580,23,9.5 %,55/102,0.288,148,12161
2016,Yoan Moncada,Red_Sox,East,20,0,5.0 %,1/12,0.211,0,17232
2016,Aaron Hicks,Yankees,East,361,8,8.3 %,30/68,0.217,97,5297
2017,Aaron Hicks,Yankees,East,361,15,14.1 %,51/67,0.266,95,5297
2018,Aaron Hicks,Yankees,East,581,27,15.5 %,90/111,0.248,142,5297
2016,Aaron Judge,Yankees,East,95,4,9.5 %,9/42,0.179,22,15640
2017,Aaron Judge,Yankees,East,678,52,18.7 %,127/208,0.284,146,15640
2018,Aaron Judge,Yankees,East,498,27,15.3 %,76/152,0.278,93,15640
2015,Adam Warren,Yankees,East,3,0,0.0 %,0/1,0,0,9029
2015,Alex Rodriguez,Yankees,East,620,33,13.5 %,84/145,0.25,149,1274
2016,Alex Rodriguez,Yankees,East,243,9,5.8 %,14/67,0.2,57,1274
2015,Austin Romine,Yankees,East,2,0,0.0 %,0/0,0,0,5491
2016,Austin Romine,Yankees,East,176,4,4.0 %,7/31,0.242,45,5491
2017,Austin Romine,Yankees,East,252,2,6.3 %,16/57,0.218,52,5491
2018,Austin Romine,Yankees,East,265,10,6.4 %,17/67,0.244,57,5491
2015,Branden Pinder,Yankees,East,1,0,0.0 %,0/0,1,0,12093
2015,Brendan Ryan,Yankees,East,103,0,4.9 %,5/29,0.229,24,6073
2015,Brett Gardner,Yankees,East,656,16,10.4 %,68/135,0.259,145,9927
2016,Brett Gardner,Yankees,East,634,7,11.0 %,70/106,0.261,119,9927
2017,Brett Gardner,Yankees,East,682,21,10.6 %,72/122,0.264,156,9927
2018,Brett Gardner,Yankees,East,609,12,10.7 %,65/107,0.236,142,9927
2015,Brian McCann,Yankees,East,535,26,9.7 %,52/97,0.232,175,4810
2016,Brian McCann,Yankees,East,492,20,11.0 %,54/99,0.242,146,4810
2015,Bryan Mitchell,Yankees,East,1,0,0.0 %,0/1,0,0,11479
2015,Carlos Beltran,Yankees,East,531,19,8.5 %,45/85,0.276,171,589
2015,CC Sabathia,Yankees,East,3,0,0.0 %,0/2,0,0,404
2016,CC Sabathia,Yankees,East,2,0,0.0 %,0/0,0,0,404
2017,CC Sabathia,Yankees,East,4,0,25.0 %,1/2,0,1,404
2016,Chad Green,Yankees,East,4,0,0.0 %,0/4,0,0,15552
2015,Chase Headley,Yankees,East,642,11,7.9 %,51/135,0.259,136,4720
2016,Chase Headley,Yankees,East,529,14,9.6 %,51/118,0.251,113,4720
2017,Chase Headley,Yankees,East,586,12,10.2 %,60/132,0.273,121,4720
2017,Chasen Shreve,Yankees,East,2,0,0.0 %,0/1,0,0,10855
2015,Chris Capuano,Yankees,East,1,0,0.0 %,0/0,0,0,1701
2017,Chris Carter,Yankees,East,208,8,9.6 %,20/76,0.201,55,9911
2016,Chris Parmelee,Yankees,East,8,2,0.0 %,0/3,0.5,3,2554
2015,Chris Young,Yankees,East,356,14,8.4 %,30/73,0.252,116,3882
2017,Clint Frazier,Yankees,East,142,4,4.9 %,7/43,0.231,41,15983
2018,Clint Frazier,Yankees,East,41,0,12.2 %,5/13,0.265,4,15983
2015,Cole Figueroa,Yankees,East,8,0,0.0 %,0/0,0.25,2,8790
2018,Dellin Betances,Yankees,East,1,0,0.0 %,0/1,0,0,6216
2015,Didi Gregorius,Yankees,East,578,9,5.7 %,33/85,0.265,151,6012
2016,Didi Gregorius,Yankees,East,597,20,3.2 %,19/82,0.276,193,6012
2017,Didi Gregorius,Yankees,East,570,25,4.4 %,25/70,0.287,206,6012
2018,Didi Gregorius,Yankees,East,569,27,8.4 %,48/69,0.268,183,6012
2018,Domingo German,Yankees,East,2,0,50.0 %,1/1,0,0,17149
2016,Donovan Solano,Yankees,East,23,1,4.3 %,1/3,0.227,8,8623
2016,Dustin Ackley,Yankees,East,70,0,11.4 %,8/9,0.148,22,10099
2016,Eric Young Jr.,Yankees,East,1,0,0.0 %,0/0,0,0,7158
2017,Erik Kratz,Yankees,East,2,0,0.0 %,0/0,1,1,4403
2017,Garrett Cooper,Yankees,East,45,0,2.2 %,1/12,0.326,9,15279
2015,Garrett Jones,Yankees,East,152,5,5.3 %,8/37,0.215,38,2714
2015,Gary Sanchez,Yankees,East,2,0,0.0 %,0/1,0,1,11442
2016,Gary Sanchez,Yankees,East,229,20,10.5 %,24/57,0.299,50,11442
2017,Gary Sanchez,Yankees,East,525,33,7.6 %,40/120,0.278,130,11442
2018,Gary Sanchez,Yankees,East,374,18,12.3 %,46/94,0.186,99,11442
2018,Giancarlo Stanton,Yankees,East,705,38,9.9 %,70/211,0.266,152,4949
2018,Gleyber Torres,Yankees,East,484,24,8.7 %,42/122,0.271,134,16997
2015,Greg Bird,Yankees,East,178,11,10.7 %,19/53,0.261,54,14131
2017,Greg Bird,Yankees,East,170,9,11.2 %,19/42,0.19,55,14131
2018,Greg Bird,Yankees,East,311,11,9.6 %,30/78,0.199,96,14131
2015,Gregorio Petit,Yankees,East,47,0,6.4 %,3/16,0.167,7,3812
2016,Ike Davis,Yankees,East,15,0,6.7 %,1/5,0.214,2,8433
2015,Jacoby Ellsbury,Yankees,East,501,7,7.0 %,35/86,0.257,113,4727
2016,Jacoby Ellsbury,Yankees,East,626,9,8.6 %,54/84,0.263,145,4727
2017,Jacoby Ellsbury,Yankees,East,409,7,10.0 %,41/63,0.264,90,4727
2017,Ji-Man Choi,Yankees,East,18,2,11.1 %,2/5,0.267,4,5452
2015,John Ryan Murphy,Yankees,East,172,3,7.0 %,12/43,0.277,34,10346
2018,Jonathan Loaisiga,Yankees,East,2,0,0.0 %,0/2,0,0,19753
2017,Jordan Montgomery,Yankees,East,5,0,40.0 %,2/2,0,0,16511
2015,Jose Pirela,Yankees,East,78,1,2.6 %,2/16,0.23,15,5485
2017,Kyle Higashioka,Yankees,East,20,0,10.0 %,2/6,0,4,5517
2018,Kyle Higashioka,Yankees,East,79,3,7.6 %,6/16,0.167,34,5517
2018,Luis Cessa,Yankees,East,1,0,0.0 %,0/1,0,0,13345
2015,Luis Severino,Yankees,East,2,0,0.0 %,0/0,0,1,15890
2017,Luis Severino,Yankees,East,5,0,0.0 %,0/1,0.2,1,15890
2018,Luis Severino,Yankees,East,5,0,0.0 %,0/4,0,1,15890
2015,Mark Teixeira,Yankees,East,462,31,12.8 %,59/85,0.255,132,1281
2016,Mark Teixeira,Yankees,East,438,15,10.7 %,47/105,0.204,100,1281
2015,Masahiro Tanaka,Yankees,East,8,0,12.5 %,1/2,0,0,15764
2016,Masahiro Tanaka,Yankees,East,2,0,0.0 %,0/2,0,0,15764
2017,Masahiro Tanaka,Yankees,East,3,0,0.0 %,0/2,0,0,15764
2018,Masahiro Tanaka,Yankees,East,6,0,0.0 %,0/1,0,1,15764
2015,Mason Williams,Yankees,East,22,1,4.5 %,1/3,0.286,4,11859
2016,Mason Williams,Yankees,East,29,0,3.4 %,1/12,0.296,2,11859
2017,Mason Williams,Yankees,East,17,0,5.9 %,1/2,0.25,5,11859
2017,Matt Holliday,Yankees,East,427,19,10.8 %,46/114,0.231,99,1873
2015,Michael Pineda,Yankees,East,2,0,0.0 %,0/1,0,0,5372
2016,Michael Pineda,Yankees,East,1,0,0.0 %,0/1,0,0,5372
2017,Michael Pineda,Yankees,East,4,0,0.0 %,0/2,0.333,0,5372
2017,Miguel Andujar,Yankees,East,8,0,12.5 %,1/0,0.571,2,15878
2018,Miguel Andujar,Yankees,East,606,27,4.1 %,25/97,0.297,172,15878
2015,Nathan Eovaldi,Yankees,East,5,0,0.0 %,0/2,0,0,9132
2016,Nathan Eovaldi,Yankees,East,7,0,14.3 %,1/4,0,0,9132
2018,Neil Walker,Yankees,East,398,11,10.6 %,42/87,0.219,101,7539
2015,Ramon Flores,Yankees,East,33,0,0.0 %,0/4,0.219,11,11165
2015,Rico Noel,Yankees,East,2,0,0.0 %,0/0,0.5,0,10585
2015,Rob Refsnyder,Yankees,East,47,2,6.4 %,3/7,0.302,6,13770
2016,Rob Refsnyder,Yankees,East,175,0,10.3 %,18/30,0.25,26,13770
2016,Ronald Torreyes,Yankees,East,168,1,6.0 %,10/20,0.258,35,11400
2017,Ronald Torreyes,Yankees,East,336,3,3.3 %,11/43,0.292,83,11400
2018,Ronald Torreyes,Yankees,East,102,0,2.0 %,2/16,0.28,25,11400
2018,Shane Robinson,Yankees,East,54,1,7.4 %,4/6,0.143,17,4249
2015,Slade Heathcott,Yankees,East,30,2,6.7 %,2/5,0.4,8,10336
2018,Sonny Gray,Yankees,East,2,0,0.0 %,0/0,0,0,12768
2016,Starlin Castro,Yankees,East,610,21,3.9 %,24/118,0.27,140,4579
2017,Starlin Castro,Yankees,East,473,16,4.9 %,23/93,0.3,99,4579
2015,Stephen Drew,Yankees,East,428,17,8.6 %,37/71,0.201,146,4251
2016,Tyler Austin,Yankees,East,90,5,7.8 %,7/36,0.241,19,11850
2017,Tyler Austin,Yankees,East,46,2,8.7 %,4/17,0.225,10,11850
2017,Tyler Wade,Yankees,East,63,0,7.9 %,5/19,0.155,13,15730
2018,Tyler Wade,Yankees,East,70,1,5.7 %,4/23,0.167,11,15730
2015,Albert Pujols,Angels,West,661,40,7.6 %,50/72,0.244,225,1177
2016,Albert Pujols,Angels,West,650,31,7.5 %,49/75,0.268,207,1177
2017,Albert Pujols,Angels,West,636,23,5.8 %,37/93,0.241,192,1177
2018,Albert Pujols,Angels,West,498,19,5.6 %,28/65,0.245,151,1177
2017,Alex Meyer,Angels,West,2,0,0.0 %,0/1,0.5,0,12833
2015,Alfredo Marte,Angels,West,8,0,12.5 %,1/1,0.333,1,5212
2016,Andrelton Simmons,Angels,West,483,4,5.8 %,28/38,0.281,105,10847
2017,Andrelton Simmons,Angels,West,647,14,7.3 %,47/67,0.278,166,10847
2018,Andrelton Simmons,Angels,West,600,11,5.8 %,35/44,0.292,159,10847
2015,Andrew Heaney,Angels,West,6,0,0.0 %,0/3,0,0,15423
2018,Andrew Heaney,Angels,West,8,0,0.0 %,0/6,0.125,0,15423
2017,Ben Revere,Angels,West,308,1,4.9 %,15/25,0.275,50,4712
2016,Brendan Ryan,Angels,West,14,0,0.0 %,0/7,0.077,3,6073
2015,C.J. Cron,Angels,West,404,16,4.2 %,17/82,0.262,111,12546
2016,C.J. Cron,Angels,West,445,16,5.4 %,24/75,0.278,132,12546
2017,C.J. Cron,Angels,West,373,16,5.9 %,22/96,0.248,110,12546
2015,C.J. Wilson,Angels,West,6,0,0.0 %,0/1,0.333,1,3580
2015,Carlos Perez,Angels,West,283,4,6.7 %,19/49,0.25,81,10642
2016,Carlos Perez,Angels,West,291,5,4.1 %,12/49,0.209,92,10642
2017,Carlos Perez,Angels,West,21,1,4.8 %,1/6,0.1,7,10642
2015,Chris Iannetta,Angels,West,317,10,12.9 %,41/83,0.188,92,8267
2018,Chris Young,Angels,West,128,6,8.6 %,11/37,0.168,40,3882
2016,Cliff Pennington,Angels,West,188,3,6.9 %,13/55,0.209,44,3395
2017,Cliff Pennington,Angels,West,217,3,7.4 %,16/58,0.253,56,3395
2015,Collin Cowgill,Angels,West,74,1,5.4 %,4/19,0.188,20,7250
2015,Cory Rasmus,Angels,West,1,0,0.0 %,0/0,0,0,2413
2016,Craig Gentry,Angels,West,39,0,7.7 %,3/6,0.147,7,9571
2015,Daniel Robertson,Angels,West,80,0,2.5 %,2/7,0.28,20,6266
2018,David Fletcher,Angels,West,307,1,4.9 %,15/34,0.275,85,17992
2015,David Freese,Angels,West,470,14,6.6 %,31/107,0.257,90,9549
2015,Efren Navarro,Angels,West,88,0,5.7 %,5/16,0.253,19,9854
2017,Eric Young Jr.,Angels,West,125,4,4.0 %,5/31,0.264,21,7158
2018,Eric Young Jr.,Angels,West,117,1,5.1 %,6/28,0.202,20,7158
2015,Erick Aybar,Angels,West,638,3,3.9 %,25/73,0.27,133,4082
2018,Felix Pena,Angels,West,6,0,0.0 %,0/1,0,0,13403
2018,Francisco Arcia,Angels,West,106,6,0.9 %,1/27,0.204,23,10286
2016,Geovany Soto,Angels,West,86,4,7.0 %,6/21,0.269,18,3707
2015,Grant Green,Angels,West,44,1,4.5 %,2/14,0.19,7,10053
2016,Gregorio Petit,Angels,West,223,2,6.7 %,15/51,0.245,43,3812
2015,Hector Santiago,Angels,West,5,0,0.0 %,0/3,0.2,0,4026
2016,Hector Santiago,Angels,West,3,0,0.0 %,0/1,0.333,1,4026
2018,Jabari Blash,Angels,West,45,0,11.1 %,5/24,0.103,9,11247
2018,Jaime Barria,Angels,West,5,0,0.0 %,0/1,0,0,18356
2017,JC Ramirez,Angels,West,3,0,0.0 %,0/1,0,0,8302
2016,Jefry Marte,Angels,West,284,15,6.3 %,18/59,0.252,79,5107
2017,Jefry Marte,Angels,West,145,4,9.0 %,13/34,0.173,32,5107
2018,Jefry Marte,Angels,West,209,7,6.2 %,13/41,0.216,46,5107
2015,Jered Weaver,Angels,West,2,0,0.0 %,0/1,0,1,4235
2016,Jered Weaver,Angels,West,9,0,0.0 %,0/4,0,0,4235
2017,Jesse Chavez,Angels,West,6,0,0.0 %,0/5,0,0,5448
2015,Jett Bandy,Angels,West,2,1,0.0 %,0/0,0.5,2,12508
2016,Jett Bandy,Angels,West,231,8,4.8 %,11/38,0.234,91,12508
2016,Ji-Man Choi,Angels,West,129,5,12.4 %,16/27,0.17,29,5452
2018,Joe Hudson,Angels,West,12,0,0.0 %,0/0,0.167,4,14412
2015,Johnny Giavotella,Angels,West,502,4,6.4 %,32/59,0.272,121,6740
2016,Johnny Giavotella,Angels,West,367,6,3.5 %,13/39,0.26,86,6740
2016,Jose Alvarez,Angels,West,1,0,0.0 %,0/0,0,0,5358
2018,Jose Briceno,Angels,West,128,5,6.3 %,8/35,0.239,25,13151
2018,Jose Fernandez,Angels,West,123,2,4.9 %,6/15,0.267,28,19254
2016,Juan Graterol,Angels,West,15,0,0.0 %,0/3,0.286,3,5398
2017,Juan Graterol,Angels,West,87,0,1.1 %,1/13,0.202,21,5398
2018,Justin Upton,Angels,West,613,30,10.4 %,64/176,0.257,130,5222
2015,Kaleb Cowart,Angels,West,52,1,9.6 %,5/19,0.174,8,11494
2016,Kaleb Cowart,Angels,West,87,1,0.0 %,0/23,0.176,23,11494
2017,Kaleb Cowart,Angels,West,117,3,8.5 %,10/28,0.225,25,11494
2018,Kaleb Cowart,Angels,West,124,1,8.1 %,10/44,0.134,34,11494
2015,Kole Calhoun,Angels,West,686,26,6.6 %,45/164,0.256,166,11200
2016,Kole Calhoun,Angels,West,672,18,10.0 %,67/118,0.271,191,11200
2017,Kole Calhoun,Angels,West,654,19,10.9 %,71/134,0.244,154,11200
2018,Kole Calhoun,Angels,West,552,19,9.6 %,53/133,0.208,128,11200
2015,Kyle Kubitza,Angels,West,39,0,7.7 %,3/15,0.194,6,12148
2017,Luis Valbuena,Angels,West,401,22,12.0 %,48/106,0.199,116,4969
2018,Luis Valbuena,Angels,West,288,9,6.6 %,19/100,0.199,73,4969
2017,Martin Maldonado,Angels,West,471,14,3.2 %,15/119,0.221,111,6887
2015,Matt Joyce,Angels,West,284,5,10.6 %,30/67,0.174,76,3353
2015,Matt Shoemaker,Angels,West,2,0,50.0 %,1/0,0,0,4776
2016,Matt Shoemaker,Angels,West,2,0,0.0 %,0/1,0,0,4776
2017,Matt Shoemaker,Angels,West,2,0,0.0 %,0/1,0,0,4776
2018,Michael Hermosillo,Angels,West,62,1,4.8 %,3/17,0.211,13,16285
2015,Mike Trout,Angels,West,682,41,13.5 %,92/158,0.299,162,10155
2016,Mike Trout,Angels,West,681,29,17.0 %,116/137,0.315,153,10155
2017,Mike Trout,Angels,West,507,33,18.5 %,94/90,0.306,142,10155
2018,Mike Trout,Angels,West,608,39,20.1 %,122/124,0.312,159,10155
2016,Nick Buss,Angels,West,90,1,6.7 %,6/24,0.198,25,6835
2016,Nick Tropeano,Angels,West,2,0,0.0 %,0/1,0,1,12385
2017,Nolan Fontana,Angels,West,23,1,13.0 %,3/8,0.05,4,13267
2018,Nolan Fontana,Angels,West,12,1,8.3 %,1/6,0.091,3,13267
2016,Rafael Ortega,Angels,West,202,1,6.4 %,13/23,0.232,40,10323
2017,Ramon Flores,Angels,West,9,0,0.0 %,0/1,0.125,2,11165
2017,Ricky Nolasco,Angels,West,7,0,28.6 %,2/2,0,3,3830
2015,Ryan Jackson,Angels,West,14,0,7.1 %,1/5,0,0,6596
2018,Ryan Schimpf,Angels,West,7,1,28.6 %,2/3,0.2,1,9953
2016,Shane Robinson,Angels,West,111,1,9.0 %,10/17,0.173,28,4249
2017,Shane Robinson,Angels,West,35,0,8.6 %,3/5,0.194,7,4249
2018,Sherman Johnson,Angels,West,11,0,0.0 %,0/4,0,1,13906
2018,Shohei Ohtani,Angels,West,367,22,10.1 %,37/102,0.285,74,19755
2015,Taylor Featherston,Angels,West,169,2,4.1 %,7/46,0.162,36,12590
2018,Taylor Ward,Angels,West,147,6,6.1 %,9/45,0.178,39,17548
2016,Todd Cunningham,Angels,West,29,0,3.4 %,1/6,0.148,10,10822
2017,Tyler Skaggs,Angels,West,1,0,0.0 %,0/1,0,0,10190
2016,Yunel Escobar,Angels,West,567,5,7.1 %,40/67,0.304,94,4191
2017,Yunel Escobar,Angels,West,381,7,7.6 %,29/51,0.274,72,4191
2018,Zack Cozart,Angels,West,253,5,7.5 %,19/42,0.219,75,2616
2016,A.J. Reed,Astros,West,141,3,12.8 %,18/48,0.164,29,16246
2017,A.J. Reed,Astros,West,6,0,0.0 %,0/1,0,2,16246
2018,A.J. Reed,Astros,West,3,0,0.0 %,0/1,0,1,16246
2016,Alex Bregman,Astros,West,217,8,6.9 %,15/52,0.264,64,17678
2017,Alex Bregman,Astros,West,626,19,8.8 %,55/97,0.284,186,17678
2018,Alex Bregman,Astros,West,705,31,13.6 %,96/85,0.286,222,17678
2015,Alex Presley,Astros,West,13,0,7.7 %,1/5,0.25,1,5305
2017,Brad Peacock,Astros,West,8,0,12.5 %,1/3,0.286,0,5401
2018,Brad Peacock,Astros,West,1,0,0.0 %,0/1,0,0,5401
2015,Brett Oberholtzer,Astros,West,3,0,33.3 %,1/0,0,0,3855
2017,Brian McCann,Astros,West,399,18,9.5 %,38/58,0.241,122,4810
2018,Brian McCann,Astros,West,216,7,8.8 %,19/40,0.212,75,4810
2017,Carlos Beltran,Astros,West,509,14,6.5 %,33/102,0.231,150,589
2015,Carlos Correa,Astros,West,432,22,9.3 %,40/78,0.279,91,14162
2016,Carlos Correa,Astros,West,660,20,11.4 %,75/139,0.274,121,14162
2017,Carlos Correa,Astros,West,481,24,11.0 %,53/92,0.315,106,14162
2018,Carlos Correa,Astros,West,468,15,11.3 %,53/111,0.239,108,14162
2017,Charlie Morton,Astros,West,3,0,0.0 %,0/0,0,0,4676
2018,Charlie Morton,Astros,West,6,0,0.0 %,0/5,0.167,0,4676
2015,Chris Carter,Astros,West,460,24,12.4 %,57/151,0.199,127,9911
2017,Chris Devenski,Astros,West,1,0,0.0 %,0/1,0,0,12763
2015,Colby Rasmus,Astros,West,485,25,9.7 %,47/154,0.238,142,9893
2016,Colby Rasmus,Astros,West,417,15,10.3 %,43/121,0.206,106,9893
2016,Colin Moran,Astros,West,25,0,4.0 %,1/8,0.13,2,16909
2017,Colin Moran,Astros,West,12,1,8.3 %,1/1,0.364,3,16909
2015,Collin McHugh,Astros,West,8,0,0.0 %,0/4,0.125,2,7531
2016,Collin McHugh,Astros,West,8,0,0.0 %,0/2,0,0,7531
2017,Collin McHugh,Astros,West,2,0,0.0 %,0/2,0,0,7531
2015,Dallas Keuchel,Astros,West,6,0,0.0 %,0/4,0.2,0,9434
2016,Dallas Keuchel,Astros,West,2,0,0.0 %,0/0,0,0,9434
2017,Dallas Keuchel,Astros,West,3,0,0.0 %,0/2,0,0,9434
2018,Dallas Keuchel,Astros,West,2,0,0.0 %,0/2,0,0,9434
2016,Danny Worth,Astros,West,40,0,2.5 %,1/6,0.179,8,198
2017,Derek Fisher,Astros,West,166,5,10.2 %,17/54,0.212,19,16192
2018,Derek Fisher,Astros,West,86,4,5.8 %,5/42,0.165,11,16192
2016,Doug Fister,Astros,West,7,0,0.0 %,0/1,0.2,0,9425
2015,Evan Gattis,Astros,West,604,27,5.0 %,30/119,0.246,169,11003
2016,Evan Gattis,Astros,West,499,32,8.6 %,43/127,0.251,133,11003
2017,Evan Gattis,Astros,West,325,12,5.5 %,18/50,0.263,107,11003
2018,Evan Gattis,Astros,West,451,25,7.3 %,33/101,0.226,147,11003
2015,George Springer,Astros,West,451,16,11.1 %,50/109,0.276,85,12856
2016,George Springer,Astros,West,744,29,11.8 %,88/178,0.261,147,12856
2017,George Springer,Astros,West,629,34,10.2 %,64/111,0.283,149,12856
2018,George Springer,Astros,West,620,22,10.3 %,64/122,0.265,147,12856
2018,Gerrit Cole,Astros,West,9,0,0.0 %,0/8,0,1,13125
2015,Hank Conger,Astros,West,229,11,10.0 %,23/63,0.229,61,2505
2017,J.D. Davis,Astros,West,68,4,5.9 %,4/20,0.226,10,16219
2018,J.D. Davis,Astros,West,113,1,8.8 %,10/29,0.175,21,16219
2015,Jake Marisnick,Astros,West,372,9,4.8 %,18/105,0.236,88,11339
2016,Jake Marisnick,Astros,West,311,5,5.1 %,16/83,0.209,70,11339
2017,Jake Marisnick,Astros,West,259,16,7.7 %,20/90,0.243,65,11339
2018,Jake Marisnick,Astros,West,235,10,6.4 %,15/84,0.211,57,11339
2017,James Hoyt,Astros,West,1,0,0.0 %,0/1,0,0,14605
2015,Jason Castro,Astros,West,375,11,8.8 %,33/115,0.211,86,8722
2016,Jason Castro,Astros,West,376,11,12.0 %,45/123,0.21,69,8722
2015,Jed Lowrie,Astros,West,263,9,10.6 %,28/43,0.222,83,4418
2016,Joe Musgrove,Astros,West,1,0,0.0 %,0/0,0,0,12970
2017,Joe Musgrove,Astros,West,5,0,0.0 %,0/1,0,1,12970
2015,Jon Singleton,Astros,West,58,1,17.2 %,10/17,0.191,16,10441
2015,Jonathan Villar,Astros,West,128,2,7.8 %,10/29,0.284,20,10071
2015,Jose Altuve,Astros,West,689,15,4.8 %,33/67,0.313,202,5417
2016,Jose Altuve,Astros,West,717,24,8.4 %,60/70,0.338,184,5417
2017,Jose Altuve,Astros,West,662,24,8.8 %,58/84,0.346,164,5417
2018,Jose Altuve,Astros,West,599,13,9.2 %,55/79,0.315,135,5417
2017,Josh Reddick,Astros,West,540,13,8.0 %,43/72,0.314,175,3892
2018,Josh Reddick,Astros,West,487,17,10.1 %,49/77,0.242,156,3892
2017,Juan Centeno,Astros,West,57,2,7.0 %,4/12,0.231,13,7168
2018,Justin Verlander,Astros,West,5,0,0.0 %,0/2,0.2,1,8700
2018,Kyle Tucker,Astros,West,72,0,8.3 %,6/13,0.141,18,18345
2015,L.J. Hoes,Astros,West,16,0,6.3 %,1/3,0.267,2,6656
2015,Lance McCullers Jr.,Astros,West,2,0,0.0 %,0/1,0,0,14120
2016,Lance McCullers Jr.,Astros,West,3,0,0.0 %,0/0,0.333,1,14120
2017,Lance McCullers Jr.,Astros,West,3,0,0.0 %,0/0,0,2,14120
2018,Lance McCullers Jr.,Astros,West,2,0,0.0 %,0/1,0,0,14120
2015,Luis Valbuena,Astros,West,493,25,10.1 %,50/106,0.224,150,4969
2016,Luis Valbuena,Astros,West,342,13,12.9 %,44/81,0.26,88,4969
2015,Marwin Gonzalez,Astros,West,370,12,4.3 %,16/74,0.279,87,5497
2016,Marwin Gonzalez,Astros,West,518,13,4.2 %,22/118,0.254,112,5497
2017,Marwin Gonzalez,Astros,West,515,23,9.5 %,49/99,0.303,127,5497
2018,Marwin Gonzalez,Astros,West,552,16,9.6 %,53/126,0.247,128,5497
2015,Matt Duffy,Astros,West,9,0,11.1 %,1/2,0.375,2,12181
2016,Matt Duffy,Astros,West,3,0,0.0 %,0/2,0,0,12181
2015,Max Stassi,Astros,West,17,1,5.9 %,1/5,0.4,3,10059
2016,Max Stassi,Astros,West,13,0,0.0 %,0/5,0.077,1,10059
2017,Max Stassi,Astros,West,31,2,19.4 %,6/4,0.167,11,10059
2018,Max Stassi,Astros,West,250,8,9.2 %,23/74,0.226,45,10059
2017,Michael Feliz,Astros,West,1,0,0.0 %,0/1,0,0,11903
2017,Mike Fiers,Astros,West,1,0,0.0 %,0/1,0,0,7754
2018,Myles Straw,Astros,West,10,1,10.0 %,1/0,0.333,4,17620
2015,Preston Tucker,Astros,West,323,13,6.2 %,20/68,0.243,83,13633
2016,Preston Tucker,Astros,West,144,4,5.6 %,8/40,0.164,37,13633
2015,Robbie Grossman,Astros,West,54,1,9.3 %,5/17,0.143,12,5254
2015,Roberto Hernandez,Astros,West,3,0,33.3 %,1/2,0,0,3273
2015,Scott Feldman,Astros,West,2,0,0.0 %,0/1,0.5,0,6283
2016,Scott Feldman,Astros,West,2,0,0.0 %,0/2,0,0,6283
2016,Teoscar Hernandez,Astros,West,112,4,9.8 %,11/28,0.23,29,13066
2016,Tony Kemp,Astros,West,136,1,10.3 %,14/27,0.217,28,14894
2017,Tony Kemp,Astros,West,39,0,2.6 %,1/5,0.216,15,14894
2018,Tony Kemp,Astros,West,295,6,10.8 %,32/44,0.263,66,14894
2017,Tony Sipp,Astros,West,1,0,0.0 %,0/0,0,1,8280
2016,Tyler White,Astros,West,276,8,8.3 %,23/65,0.217,73,15564
2017,Tyler White,Astros,West,67,3,6.0 %,4/16,0.279,24,15564
2018,Tyler White,Astros,West,237,12,10.1 %,24/49,0.276,69,15564
2015,Will Harris,Astros,West,1,0,0.0 %,0/1,0,0,3192
2016,Yuli Gurriel,Astros,West,137,3,3.6 %,5/12,0.262,45,19198
2017,Yuli Gurriel,Astros,West,564,18,3.9 %,22/62,0.299,166,19198
2018,Yuli Gurriel,Astros,West,573,13,4.0 %,23/63,0.291,171,19198
2016,Andrew Lambo,Athletics,West,1,0,0.0 %,0/0,0,0,5386
2016,Andrew Triggs,Athletics,West,2,0,0.0 %,0/2,0,0,13533
2015,Andy Parrino,Athletics,West,8,0,25.0 %,2/5,0,1,3972
2016,Arismendy Alcantara,Athletics,West,19,0,0.0 %,0/8,0.211,4,10711
2018,Beau Taylor,Athletics,West,6,0,16.7 %,1/2,0.2,2,12384
2015,Billy Burns,Athletics,West,555,5,4.7 %,26/81,0.294,121,12701
2015,Billy Butler,Athletics,West,601,15,8.7 %,52/101,0.251,139,7399
2018,Boog Powell,Athletics,West,25,0,4.0 %,1/6,0.167,3,15103
2018,Brett Anderson,Athletics,West,4,0,0.0 %,0/0,0.25,0,8223
2015,Brett Lawrie,Athletics,West,602,16,4.7 %,28/144,0.26,138,5247
2016,Bruce Maxwell,Athletics,West,101,1,7.9 %,8/24,0.283,19,13866
2017,Bruce Maxwell,Athletics,West,253,3,12.3 %,31/63,0.237,51,13866
2018,Bruce Maxwell,Athletics,West,58,1,3.4 %,2/13,0.182,11,13866
2015,Bryan Anderson,Athletics,West,8,0,12.5 %,1/1,0.4,2,9871
2015,Carson Blair,Athletics,West,35,1,11.4 %,4/18,0.129,5,5429
2016,Chad Pinder,Athletics,West,55,1,5.5 %,3/14,0.235,14,15191
2017,Chad Pinder,Athletics,West,309,15,5.8 %,18/92,0.238,77,15191
2018,Chad Pinder,Athletics,West,333,13,8.1 %,27/88,0.258,77,15191
2015,Chris Bassitt,Athletics,West,2,0,0.0 %,0/1,0,0,12304
2017,Chris Smith,Athletics,West,1,0,0.0 %,0/0,0,1,4544
2015,Coco Crisp,Athletics,West,139,0,9.4 %,13/25,0.175,39,1572
2015,Cody Ross,Athletics,West,25,0,12.0 %,3/6,0.091,3,1760
2015,Craig Gentry,Athletics,West,56,0,7.1 %,4/15,0.12,14,9571
2017,Daniel Gossett,Athletics,West,7,0,0.0 %,0/4,0.2,0,16164
2016,Daniel Mengden,Athletics,West,6,0,0.0 %,0/3,0,1,16980
2017,Daniel Mengden,Athletics,West,4,0,25.0 %,1/0,0.5,0,16980
2018,Daniel Mengden,Athletics,West,3,0,0.0 %,0/1,0.333,0,16980
2016,Danny Valencia,Athletics,West,517,17,7.9 %,41/115,0.287,114,6364
2018,Dustin Fowler,Athletics,West,203,6,3.9 %,8/47,0.224,58,17098
2018,Edwin Jackson,Athletics,West,2,0,0.0 %,0/0,0,0,1841
2015,Eric Sogard,Athletics,West,401,1,5.7 %,23/50,0.247,107,7927
2018,Frankie Montas,Athletics,West,5,0,0.0 %,0/5,0,0,14309
2017,Franklin Barreto,Athletics,West,76,2,6.6 %,5/33,0.197,19,15519
2018,Franklin Barreto,Athletics,West,75,5,1.3 %,1/29,0.233,24,15519
2015,Ike Davis,Athletics,West,239,3,9.6 %,23/44,0.229,48,8433
2017,Jaff Decker,Athletics,West,62,0,12.9 %,8/17,0.2,11,7945
2016,Jake Smolinski,Athletics,West,319,7,6.0 %,19/44,0.238,87,5408
2017,Jake Smolinski,Athletics,West,29,0,3.4 %,1/6,0.259,9,5408
2018,Jake Smolinski,Athletics,West,41,0,2.4 %,1/10,0.128,12,5408
2015,Jason Pridie,Athletics,West,10,0,10.0 %,1/4,0,1,4611
2017,Jaycob Brugman,Athletics,West,162,3,11.1 %,18/38,0.266,28,14936
2016,Jed Lowrie,Athletics,West,369,2,7.0 %,26/65,0.263,88,4418
2017,Jed Lowrie,Athletics,West,645,14,11.3 %,73/100,0.277,204,4418
2018,Jed Lowrie,Athletics,West,680,23,11.5 %,78/128,0.267,204,4418
2015,Jesse Chavez,Athletics,West,5,0,0.0 %,0/2,0.333,0,5448
2015,Jesse Hahn,Athletics,West,3,0,0.0 %,0/2,0,0,13287
2016,Jesse Hahn,Athletics,West,1,0,0.0 %,0/1,0,0,13287
2017,Jharel Cotton,Athletics,West,2,0,0.0 %,0/1,0,0,13654
2016,Joey Wendle,Athletics,West,104,1,5.8 %,6/16,0.26,20,13853
2017,Joey Wendle,Athletics,West,14,1,7.1 %,1/3,0.308,3,13853
2018,Jonathan Lucroy,Athletics,West,454,4,6.4 %,29/65,0.241,119,7870
2015,Josh Phegley,Athletics,West,243,9,5.8 %,14/51,0.249,75,9308
2016,Josh Phegley,Athletics,West,86,1,5.8 %,5/13,0.256,27,9308
2017,Josh Phegley,Athletics,West,161,3,5.6 %,9/26,0.201,59,9308
2018,Josh Phegley,Athletics,West,102,2,5.9 %,6/27,0.204,28,9308
2015,Josh Reddick,Athletics,West,582,20,8.4 %,49/65,0.272,188,3892
2016,Kendall Graveman,Athletics,West,5,0,0.0 %,0/3,0,0,15514
2017,Kendall Graveman,Athletics,West,1,0,0.0 %,0/1,0,0,15514
2016,Khris Davis,Athletics,West,610,42,6.9 %,42/166,0.247,158,9112
2017,Khris Davis,Athletics,West,652,43,11.2 %,73/195,0.247,160,9112
2018,Khris Davis,Athletics,West,654,48,9.0 %,59/175,0.247,199,9112
2015,Marcus Semien,Athletics,West,601,15,7.0 %,42/132,0.257,165,12533
2016,Marcus Semien,Athletics,West,621,27,8.2 %,51/139,0.238,184,12533
2017,Marcus Semien,Athletics,West,386,10,9.8 %,38/85,0.249,109,12533
2018,Marcus Semien,Athletics,West,703,15,8.7 %,61/131,0.255,193,12533
2015,Mark Canha,Athletics,West,485,16,6.8 %,33/96,0.254,140,11445
2016,Mark Canha,Athletics,West,44,3,0.0 %,0/20,0.122,10,11445
2017,Mark Canha,Athletics,West,187,5,3.7 %,7/56,0.208,55,11445
2018,Mark Canha,Athletics,West,411,17,8.3 %,34/88,0.249,112,11445
2017,Matt Chapman,Athletics,West,326,14,9.8 %,32/92,0.234,101,16505
2018,Matt Chapman,Athletics,West,616,24,9.4 %,58/146,0.278,158,16505
2017,Matt Joyce,Athletics,West,544,25,12.1 %,66/113,0.243,155,3353
2018,Matt Joyce,Athletics,West,246,7,14.2 %,35/53,0.208,61,3353
2016,Matt McBride,Athletics,West,44,0,2.3 %,1/10,0.209,16,9373
2016,Matt Olson,Athletics,West,28,0,25.0 %,7/4,0.095,8,14344
2017,Matt Olson,Athletics,West,216,24,10.2 %,22/60,0.259,58,14344
2018,Matt Olson,Athletics,West,660,29,10.6 %,70/163,0.247,180,14344
2015,Max Muncy,Athletics,West,112,3,8.0 %,9/31,0.206,39,13301
2016,Max Muncy,Athletics,West,133,2,15.0 %,20/24,0.186,26,13301
2018,Nick Martini,Athletics,West,179,1,11.7 %,21/36,0.296,29,12005
2015,Pat Venditte,Athletics,West,1,0,0.0 %,0/1,0,0,7108
2017,Paul Blackburn,Athletics,West,3,0,0.0 %,0/2,0,0,14739
2018,Paul Blackburn,Athletics,West,2,0,0.0 %,0/0,0,0,14739
2018,Ramon Laureano,Athletics,West,176,5,9.1 %,16/50,0.288,34,17128
2016,Renato Nunez,Athletics,West,15,0,0.0 %,0/3,0.133,1,14503
2017,Renato Nunez,Athletics,West,16,1,6.3 %,1/8,0.2,2,14503
2016,Ross Detwiler,Athletics,West,2,0,0.0 %,0/1,0,0,2859
2017,Ryan LaMarre,Athletics,West,8,0,12.5 %,1/3,0,1,10700
2017,Ryan Lavarnway,Athletics,West,13,0,7.7 %,1/3,0.273,2,8879
2016,Ryan Madson,Athletics,West,1,0,0.0 %,0/1,0,0,1852
2016,Ryon Healy,Athletics,West,283,13,4.2 %,12/60,0.305,81,15447
2017,Ryon Healy,Athletics,West,605,25,3.8 %,23/142,0.271,166,15447
2015,Sam Fuld,Athletics,West,325,2,9.2 %,30/55,0.197,52,8254
2016,Sean Manaea,Athletics,West,2,0,0.0 %,0/1,0,0,15873
2017,Sean Manaea,Athletics,West,5,0,20.0 %,1/2,0,0,15873
2018,Sean Manaea,Athletics,West,5,0,0.0 %,0/0,0.2,0,15873
2015,Sonny Gray,Athletics,West,6,0,0.0 %,0/4,0.167,0,12768
2016,Sonny Gray,Athletics,West,3,0,0.0 %,0/1,0,0,12768
2018,Stephen Piscotty,Athletics,West,605,27,6.9 %,42/114,0.267,144,13367
2015,Stephen Vogt,Athletics,West,511,18,11.0 %,56/97,0.261,144,5000
2016,Stephen Vogt,Athletics,West,532,14,6.6 %,35/83,0.251,190,5000
2015,Tyler Ladendorf,Athletics,West,18,0,5.6 %,1/2,0.235,5,3211
2016,Tyler Ladendorf,Athletics,West,50,0,2.0 %,1/13,0.083,14,3211
2016,Yonder Alonso,Athletics,West,532,7,8.5 %,45/74,0.253,136,2530
2016,Zach Neal,Athletics,West,2,0,0.0 %,0/0,0,0,11294
2016,Adam Lind,Mariners,West,430,20,6.0 %,26/89,0.239,113,8027
2017,Andrew Albers,Mariners,West,3,0,0.0 %,0/0,1,0,7853
2018,Andrew Romine,Mariners,West,131,0,5.3 %,7/39,0.21,28,1159
2017,Ariel Miranda,Mariners,West,6,0,0.0 %,0/3,0,1,17526
2017,Ben Gamel,Mariners,West,550,11,6.5 %,36/122,0.275,130,12160
2018,Ben Gamel,Mariners,West,293,1,10.6 %,31/61,0.272,55,12160
2015,Brad Miller,Mariners,West,497,11,9.5 %,47/101,0.258,107,12775
2017,Carlos Ruiz,Mariners,West,145,3,9.7 %,14/38,0.216,30,2579
2018,Chris Herrmann,Mariners,West,87,2,11.5 %,10/24,0.237,23,9284
2016,Chris Iannetta,Mariners,West,338,7,11.2 %,38/83,0.21,78,8267
2015,Chris Taylor,Mariners,West,102,0,5.9 %,6/31,0.17,27,13757
2017,Christian Bergman,Mariners,West,1,0,0.0 %,0/0,0,1,10925
2018,Christian Bergman,Mariners,West,2,0,0.0 %,0/0,0.5,0,10925
2016,Dae-Ho Lee,Mariners,West,317,14,6.3 %,20/74,0.253,55,18722
2016,Dan Vogelbach,Mariners,West,13,0,7.7 %,1/6,0.083,1,14130
2017,Dan Vogelbach,Mariners,West,31,0,9.7 %,3/9,0.214,6,14130
2018,Dan Vogelbach,Mariners,West,102,4,12.7 %,13/26,0.207,21,14130
2016,Daniel Robertson,Mariners,West,21,0,4.8 %,1/3,0.263,6,6266
2017,Danny Valencia,Mariners,West,500,15,8.0 %,40/122,0.256,104,6364
2018,David Freitas,Mariners,West,106,1,7.5 %,8/25,0.215,22,10619
2018,Dee Gordon,Mariners,West,588,4,1.5 %,9/80,0.268,103,8203
2016,Edwin Diaz,Mariners,West,1,0,0.0 %,0/0,0,0,14710
2017,Edwin Diaz,Mariners,West,1,0,0.0 %,0/1,0,0,14710
2017,Emilio Pagan,Mariners,West,2,0,0.0 %,0/1,0,0,14771
2018,Erasmo Ramirez,Mariners,West,3,0,0.0 %,0/2,0,0,10314
2015,Felix Hernandez,Mariners,West,3,0,0.0 %,0/1,0,0,4772
2016,Felix Hernandez,Mariners,West,8,0,0.0 %,0/3,0,0,4772
2018,Felix Hernandez,Mariners,West,4,0,0.0 %,0/0,0,0,4772
2015,Franklin Gutierrez,Mariners,West,189,15,7.4 %,14/54,0.292,42,3255
2016,Franklin Gutierrez,Mariners,West,283,14,10.2 %,29/85,0.246,53,3255
2017,Gordon Beckham,Mariners,West,18,0,5.6 %,1/2,0.176,5,9015
2018,Gordon Beckham,Mariners,West,50,0,8.0 %,4/11,0.182,16,9015
2016,Guillermo Heredia,Mariners,West,107,1,11.2 %,12/15,0.25,23,18721
2017,Guillermo Heredia,Mariners,West,426,6,6.3 %,27/64,0.249,109,18721
2018,Guillermo Heredia,Mariners,West,337,5,9.5 %,32/52,0.236,79,18721
2015,Hisashi Iwakuma,Mariners,West,3,0,0.0 %,0/2,0,0,13048
2016,Hisashi Iwakuma,Mariners,West,3,0,0.0 %,0/1,0,0,13048
2018,Ichiro Suzuki,Mariners,West,47,0,6.4 %,3/7,0.205,11,1101
2017,Jacob Hannemann,Mariners,West,20,1,0.0 %,0/4,0.15,5,15644
2015,James Jones,Mariners,West,31,0,6.5 %,2/13,0.103,4,9767
2015,James Paxton,Mariners,West,2,0,0.0 %,0/2,0,0,11828
2016,James Paxton,Mariners,West,4,0,25.0 %,1/3,0,0,11828
2017,Jarrod Dyson,Mariners,West,390,5,7.2 %,28/55,0.251,94,4866
2017,Jean Machi,Mariners,West,1,0,0.0 %,0/1,0,0,3220
2017,Jean Segura,Mariners,West,566,11,6.0 %,34/83,0.3,116,5933
2018,Jean Segura,Mariners,West,632,10,5.1 %,32/69,0.304,151,5933
2015,Jesus Montero,Mariners,West,116,5,3.4 %,4/32,0.223,28,5514
2015,Jesus Sucre,Mariners,West,142,1,4.2 %,6/21,0.157,38,5942
2016,Jesus Sucre,Mariners,West,29,1,6.9 %,2/5,0.48,4,5942
2015,John Hicks,Mariners,West,34,0,2.9 %,1/18,0.063,7,12547
2015,Ketel Marte,Mariners,West,247,2,9.7 %,24/43,0.283,45,13613
2016,Ketel Marte,Mariners,West,466,1,3.9 %,18/84,0.259,90,13613
2015,Kyle Seager,Mariners,West,686,26,7.9 %,54/98,0.266,214,9785
2016,Kyle Seager,Mariners,West,676,30,10.2 %,69/108,0.278,205,9785
2017,Kyle Seager,Mariners,West,650,27,8.9 %,58/110,0.249,242,9785
2018,Kyle Seager,Mariners,West,630,22,6.0 %,38/138,0.221,200,9785
2016,Leonys Martin,Mariners,West,576,15,7.6 %,44/149,0.247,133,11846
2015,Logan Morrison,Mariners,West,511,17,9.2 %,47/81,0.225,146,9205
2018,Marco Gonzales,Mariners,West,3,0,0.0 %,0/2,0,0,15467
2018,Mike Leake,Mariners,West,4,0,0.0 %,0/4,0,0,10130
2017,Mike Marjama,Mariners,West,9,1,0.0 %,0/1,0.333,5,12594
2018,Mike Marjama,Mariners,West,29,0,6.9 %,2/6,0.111,5,12594
2015,Mike Montgomery,Mariners,West,3,0,0.0 %,0/2,0,0,4869
2015,Mike Zunino,Mariners,West,386,11,5.4 %,21/132,0.174,109,13265
2016,Mike Zunino,Mariners,West,192,12,10.9 %,21/65,0.207,52,13265
2017,Mike Zunino,Mariners,West,435,25,9.0 %,39/160,0.251,104,13265
2018,Mike Zunino,Mariners,West,405,20,5.9 %,24/150,0.201,99,13265
2017,Mitch Haniger,Mariners,West,410,16,7.6 %,31/93,0.282,101,14274
2018,Mitch Haniger,Mariners,West,683,26,10.2 %,70/148,0.285,165,14274
2016,Nathan Karns,Mariners,West,1,0,0.0 %,0/0,0,0,12638
2015,Nelson Cruz,Mariners,West,655,44,9.0 %,59/164,0.302,145,2434
2016,Nelson Cruz,Mariners,West,667,43,9.3 %,62/159,0.287,164,2434
2017,Nelson Cruz,Mariners,West,645,39,10.9 %,70/140,0.288,177,2434
2018,Nelson Cruz,Mariners,West,591,37,9.3 %,55/122,0.256,154,2434
2016,Nori Aoki,Mariners,West,467,4,7.3 %,34/45,0.283,81,13075
2015,Rickie Weeks Jr.,Mariners,West,95,2,9.5 %,9/25,0.167,25,1849
2015,Robinson Cano,Mariners,West,674,21,6.4 %,43/107,0.287,132,3269
2016,Robinson Cano,Mariners,West,715,39,6.6 %,47/100,0.298,202,3269
2017,Robinson Cano,Mariners,West,648,23,7.6 %,49/85,0.28,156,3269
2018,Robinson Cano,Mariners,West,348,10,9.2 %,32/47,0.303,78,3269
2018,Roenis Elias,Mariners,West,2,0,0.0 %,0/1,0.5,0,12673
2018,Ryon Healy,Mariners,West,524,24,5.2 %,27/113,0.235,139,15447
2015,Seth Smith,Mariners,West,452,12,10.4 %,47/99,0.248,114,7331
2016,Seth Smith,Mariners,West,438,16,11.0 %,48/89,0.249,89,7331
2015,Shawn O'Malley,Mariners,West,57,1,21.1 %,12/14,0.262,7,9629
2016,Shawn O'Malley,Mariners,West,232,2,7.8 %,18/59,0.229,36,9629
2015,Stefen Romero,Mariners,West,24,1,12.5 %,3/6,0.19,6,11746
2016,Stefen Romero,Mariners,West,19,0,5.3 %,1/4,0.235,7,11746
2016,Steve Clevenger,Mariners,West,76,1,10.5 %,8/14,0.221,15,9542
2015,Steven Baron,Mariners,West,11,0,0.0 %,0/2,0,3,9787
2015,Taijuan Walker,Mariners,West,10,0,0.0 %,0/5,0.111,1,11836
2017,Taylor Motter,Mariners,West,280,7,7.5 %,21/62,0.198,74,12399
2017,Tuffy Gosewisch,Mariners,West,31,0,3.2 %,1/14,0.071,5,5277
2017,Tyler Smith,Mariners,West,19,0,5.3 %,1/8,0.188,3,12490
2018,Wade LeBlanc,Mariners,West,4,0,0.0 %,0/2,0.333,0,5221
2015,Willie Bloomquist,Mariners,West,72,0,2.8 %,2/13,0.159,20,1066
2017,Yovani Gallardo,Mariners,West,2,0,0.0 %,0/0,0.5,0,8173
2018,Zach Vincej,Mariners,West,4,0,0.0 %,0/1,0.5,1,13269
2016,A.J. Griffin,Rangers,West,2,0,0.0 %,0/2,0,0,11132
2017,A.J. Griffin,Rangers,West,6,0,16.7 %,1/5,0,0,11132
2017,A.J. Jimenez,Rangers,West,13,0,0.0 %,0/7,0.083,2,7077
2015,Adam Rosales,Rangers,West,125,3,8.0 %,10/30,0.228,30,9682
2015,Adrian Beltre,Rangers,West,619,18,6.6 %,41/65,0.287,182,639
2016,Adrian Beltre,Rangers,West,640,32,7.5 %,48/66,0.3,219,639
2017,Adrian Beltre,Rangers,West,389,17,10.0 %,39/52,0.312,109,639
2018,Adrian Beltre,Rangers,West,481,15,7.1 %,34/96,0.273,125,639
2017,Andrew Cashner,Rangers,West,7,0,0.0 %,0/2,0.2,1,8782
2015,Anthony Ranaudo,Rangers,West,2,0,0.0 %,0/2,0,0,11424
2018,Ariel Jurado,Rangers,West,1,0,0.0 %,0/0,0,0,17030
2017,Austin Bibens-Dirkx,Rangers,West,3,0,0.0 %,0/3,0,0,9559
2018,Bartolo Colon,Rangers,West,4,0,0.0 %,0/3,0,0,375
2016,Brett Nicholas,Rangers,West,45,2,8.9 %,4/9,0.275,14,11192
2017,Brett Nicholas,Rangers,West,65,2,3.1 %,2/13,0.238,17,11192
2015,Carlos Corporan,Rangers,West,121,3,5.0 %,6/40,0.178,29,5587
2017,Carlos Gomez,Rangers,West,426,17,7.3 %,31/127,0.255,98,4881
2018,Carlos Tocci,Rangers,West,135,0,5.2 %,7/39,0.225,26,14558
2015,Chris Gimenez,Rangers,West,113,5,8.8 %,10/19,0.255,32,7324
2015,Colby Lewis,Rangers,West,2,0,0.0 %,0/2,0,0,1259
2016,Cole Hamels,Rangers,West,8,0,0.0 %,0/1,0.125,2,4972
2017,Cole Hamels,Rangers,West,3,0,0.0 %,0/1,0,0,4972
2015,Delino DeShields,Rangers,West,492,2,10.8 %,53/101,0.261,103,11379
2016,Delino DeShields,Rangers,West,203,4,7.4 %,15/54,0.209,34,11379
2017,Delino DeShields,Rangers,West,440,6,10.0 %,44/109,0.269,88,11379
2018,Delino DeShields,Rangers,West,393,2,10.9 %,43/83,0.216,74,11379
2016,Derek Holland,Rangers,West,2,0,0.0 %,0/1,0.5,0,4141
2017,Drew Robinson,Rangers,West,121,6,11.6 %,14/42,0.224,23,11761
2018,Drew Robinson,Rangers,West,125,3,12.8 %,16/57,0.183,15,11761
2015,Elvis Andrus,Rangers,West,661,7,7.0 %,46/78,0.258,163,8709
2016,Elvis Andrus,Rangers,West,568,8,8.3 %,47/70,0.302,126,8709
2017,Elvis Andrus,Rangers,West,689,20,5.5 %,38/101,0.297,172,8709
2018,Elvis Andrus,Rangers,West,428,6,6.5 %,28/66,0.256,103,8709
2015,Hanser Alberto,Rangers,West,104,0,1.9 %,2/17,0.222,26,11902
2016,Hanser Alberto,Rangers,West,58,0,0.0 %,0/17,0.143,16,11902
2018,Hanser Alberto,Rangers,West,30,0,6.7 %,2/4,0.185,15,11902
2016,Ian Desmond,Rangers,West,677,22,6.5 %,44/160,0.285,121,6885
2018,Isiah Kiner-Falefa,Rangers,West,396,4,7.1 %,28/62,0.261,69,16512
2016,Jared Hoying,Rangers,West,49,0,6.1 %,3/8,0.217,19,10882
2017,Jared Hoying,Rangers,West,77,1,5.2 %,4/23,0.222,17,10882
2015,Joey Gallo,Rangers,West,123,6,12.2 %,15/57,0.204,19,14128
2016,Joey Gallo,Rangers,West,30,1,16.7 %,5/19,0.04,4,14128
2017,Joey Gallo,Rangers,West,532,41,14.1 %,75/196,0.209,136,14128
2018,Joey Gallo,Rangers,West,577,40,12.8 %,74/207,0.206,145,14128
2018,Jose Trevino,Rangers,West,8,0,0.0 %,0/1,0.25,3,16725
2015,Josh Hamilton,Rangers,West,182,8,5.5 %,10/52,0.253,38,1875
2018,Juan Centeno,Rangers,West,38,1,2.6 %,1/7,0.162,8,7168
2016,Jurickson Profar,Rangers,West,307,5,9.8 %,30/61,0.239,60,10815
2017,Jurickson Profar,Rangers,West,70,0,12.9 %,9/14,0.172,15,10815
2018,Jurickson Profar,Rangers,West,594,20,9.1 %,54/88,0.254,151,10815
2015,Kyle Blanks,Rangers,West,71,3,5.6 %,4/20,0.313,22,49
2015,Leonys Martin,Rangers,West,310,5,5.2 %,16/69,0.219,69,11846
2015,Martin Perez,Rangers,West,2,0,0.0 %,0/2,0,0,6902
2016,Martin Perez,Rangers,West,4,0,0.0 %,0/1,0.333,0,6902
2017,Martin Perez,Rangers,West,6,0,0.0 %,0/6,0,0,6902
2018,Martin Perez,Rangers,West,3,0,0.0 %,0/3,0,0,6902
2015,Matt Harrison,Rangers,West,3,0,0.0 %,0/1,0,0,5551
2015,Michael Choice,Rangers,West,1,0,0.0 %,0/1,0,0,11376
2018,Mike Minor,Rangers,West,3,0,0.0 %,0/1,0.333,2,10021
2017,Mike Napoli,Rangers,West,485,29,10.1 %,49/163,0.193,138,3057
2015,Mitch Moreland,Rangers,West,515,23,6.2 %,32/112,0.278,126,3086
2016,Mitch Moreland,Rangers,West,503,22,7.0 %,35/118,0.233,128,3086
2015,Nick Martinez,Rangers,West,4,0,0.0 %,0/1,0,1,12730
2016,Nick Martinez,Rangers,West,2,0,0.0 %,0/1,0,0,12730
2017,Nick Martinez,Rangers,West,2,0,50.0 %,1/1,0,0,12730
2016,Nomar Mazara,Rangers,West,568,20,6.9 %,39/112,0.266,122,14553
2017,Nomar Mazara,Rangers,West,616,20,8.9 %,55/127,0.253,147,14553
2018,Nomar Mazara,Rangers,West,536,20,7.5 %,40/116,0.258,100,14553
2015,Prince Fielder,Rangers,West,693,23,9.2 %,64/88,0.305,188,4613
2016,Prince Fielder,Rangers,West,370,8,8.6 %,32/63,0.212,99,4613
2015,Robinson Chirinos,Rangers,West,273,10,10.3 %,28/62,0.232,78,3142
2016,Robinson Chirinos,Rangers,West,170,9,8.8 %,15/44,0.224,47,3142
2017,Robinson Chirinos,Rangers,West,309,17,11.0 %,34/79,0.255,85,3142
2018,Robinson Chirinos,Rangers,West,426,18,10.6 %,45/140,0.222,108,3142
2018,Ronald Guzman,Rangers,West,428,16,7.7 %,33/121,0.235,100,14388
2015,Rougned Odor,Rangers,West,470,16,4.9 %,23/79,0.261,136,12282
2016,Rougned Odor,Rangers,West,632,33,3.0 %,19/135,0.271,194,12282
2017,Rougned Odor,Rangers,West,651,30,4.9 %,32/162,0.204,187,12282
2018,Rougned Odor,Rangers,West,535,18,8.0 %,43/127,0.253,131,12282
2015,Ryan Rua,Rangers,West,86,4,3.5 %,3/32,0.193,21,12409
2016,Ryan Rua,Rangers,West,269,8,7.8 %,21/76,0.258,47,12409
2017,Ryan Rua,Rangers,West,144,3,9.7 %,14/52,0.217,23,12409
2018,Ryan Rua,Rangers,West,147,6,3.4 %,5/53,0.194,33,12409
2015,Ryan Strausborger,Rangers,West,51,1,5.9 %,3/11,0.2,11,10937
2016,Shawn Tolleson,Rangers,West,1,0,0.0 %,0/1,0,0,10481
2015,Shin-Soo Choo,Rangers,West,653,22,11.6 %,76/147,0.276,117,3174
2016,Shin-Soo Choo,Rangers,West,210,7,11.9 %,25/46,0.242,40,3174
2017,Shin-Soo Choo,Rangers,West,636,22,12.1 %,77/134,0.261,108,3174
2018,Shin-Soo Choo,Rangers,West,665,21,13.8 %,92/156,0.264,113,3174
2015,Tommy Field,Rangers,West,45,2,4.4 %,2/16,0.195,7,6262
2015,Wandy Rodriguez,Rangers,West,2,0,0.0 %,0/0,0.5,1,2586
2017,Will Middlebrooks,Rangers,West,39,0,2.6 %,1/14,0.211,7,7002
2017,Willie Calhoun,Rangers,West,37,1,5.4 %,2/7,0.265,6,17838
2018,Willie Calhoun,Rangers,West,108,2,5.6 %,6/24,0.222,32,17838
2018,Yohander Mendez,Rangers,West,2,0,0.0 %,0/1,0,0,14391
2015,Yovani Gallardo,Rangers,West,4,0,0.0 %,0/1,0.5,0,8173
2016,Yu Darvish,Rangers,West,3,1,0.0 %,0/1,0.333,1,13074
